"","V1","V2","V3","V6","V7"
"2",0.3,0.679961,0.94,0.31,-0.83
"5",-0.265,0.464961,-0.605,-0.205,0.075
"8",-0.315,0.724961,0.645,-0.585,0.155
"10",-0.6549805,-0.2850195,0.4750195,-0.2449805,-0.08498051
"17",-0.54,-0.470039,-0.8,0.09,-0.38
"23",-0.1749903,0.004970741,-0.06499027,-0.01499027,-0.3049903
"28",-0.4799903,0.1599707,-0.08999027,0.3600097,0.3700097
"34",0.055,0.104961,-0.935,-0.635,-0.195
"36",-0.165,0.204961,-0.385,-0.585,-0.405
"40",-2.602085e-18,0.01996101,0.17,0.21,0.19
"43",-0.065,-0.325039,-0.715,-0.415,-1.375
"44",-0.225,-0.05503899,-0.965,-0.475,-0.945
"45",-0.35,-0.280039,-0.54,-0.02,-0.31
"48",0.2175,-0.342539,-0.7225,0.0475,-0.8725
"50",0.13,-0.900039,0.47,-1.4,-2.66
"51",-0.48,-0.06003899,0.7,-0.65,-2.02
"54",-0.275,0.324961,-0.265,-0.475,-0.555
"55",-0.3449902,0.1349708,-0.4249902,-0.5149902,-0.8449902
"61",-0.3399805,0.9399805,0.1200195,-1.709981,-1.149981
"62",0.305,0.194961,0.515,-0.415,-1.185
"88",0.0975,0.267461,0.6975,-0.5525,-0.8325
"106",-0.13,0.219961,0.37,0.7,-0.59
"107",1.3325,1.422461,0.4125,-0.1575,-0.9075
"108",0.8500195,1.259981,0.7900195,-0.01998051,-0.4199805
"110",1.02499,2.314951,0.5549902,-0.2250098,-0.4650098
"112",-0.225,2.394961,2.645,-1.685,-1.145
"114",0.3450098,-0.2350292,0.2750098,0.7050098,-0.5149902
"115",0.24,0.179961,0.38,-0.01,-0.67
"117",-0.9975,-1.477539,-0.3775,-1.0075,-0.9775
"118",-1.184981,0.01498051,-0.3649805,-0.4249805,-1.044981
"132",0.83,1.049961,-0.63,0.52,-0.61
"145",-0.82,-0.740039,-2.76,-0.01,0.27
"146",0.795,0.354961,-0.205,-0.635,-0.075
"151",-0.225,-0.455039,-0.375,0.205,-0.495
"152",0.11,-0.420039,-0.31,-0.03,-0.6
"153",1.17,-0.220039,0.46,-0.92,-1.1
"157",-0.64,-0.200039,0.28,-0.88,0.24
"160",-0.16,-0.480039,0.2,-0.68,-0.38
"161",-0.04,-0.340039,-0.2,-0.15,-0.05
"162",0.145,-0.705039,0.025,-0.865,-0.305
"164",-0.0625,-0.622539,0.1075,-0.7225,-0.7025
"166",-0.1450098,-0.4050488,-0.4550098,-0.02500977,0.1849902
"172",-0.42,-0.370039,-0.07,0.66,-0.19
"175",0.015,-0.265039,0.165,1.015,-0.205
"180",1.015,0.04496101,-0.015,0.005,0.945
"181",0.9150098,1.104971,-0.4749902,-1.09499,-0.3549902
"184",0.27,-0.380039,0.15,1.03,-0.46
"190",0.155,0.07496101,0.125,-0.015,-0.405
"194",-1.0475,-0.377539,-0.0575,-0.8675,-2.2275
"200",0.01,0.159961,-0.69,-0.21,0.29
"201",0.34,0.479961,-1.14,1.734723e-18,0.46
"205",-0.1299805,-0.9700195,-0.1499805,-0.6799805,-2.549981
"217",-0.005,-0.685039,-0.455,-0.485,0.055
"218",-0.555,-1.285039,-0.335,-1.185,0.265
"220",0.33,-0.290039,-0.29,-0.15,-0.36
"232",-0.6049902,-0.5650292,0.1750098,-0.4349902,0.2750098
"234",0.89,0.269961,-0.15,-0.67,-0.64
"235",0.255,-0.125039,-0.955,-0.085,-0.675
"240",0.0075,-0.242539,-0.9525,0.5575,-0.0725
"245",-0.2,-2.440039,-0.95,-1.29,-0.72
"247",-1.71,-2.370039,-1.29,1.24,-1.5
"250",-1.24,-1.790039,-1.23,0.27,-0.89
"251",-1.1,-2.080039,-1,-0.83,-3.02
"280",-0.55,-0.360039,-0.4,-1.22,-3.18
"281",-0.63,-3.050039,-1.77,-3.12,-3.99
"282",-0.11,-0.02003899,-0.38,0.01,-0.2
"298",-0.4,0.989961,0.9,-0.76,-0.79
"301",0.935,1.224961,0.515,0.005,0.855
"302",-0.9425,-0.232539,-0.4825,0.3075,0.4975
"309",-1.31,-2.330039,0.56,0.44,0.01
"310",-1.16,-0.430039,0.05,0.35,-0.31
"323",-0.16,0.499961,-0.08,-0.66,-0.02
"326",0.835,0.664961,0.605,3.275,0.015
"329",0.995,0.514961,0.075,-1.335,0.255
"330",-0.345,0.544961,0.085,0.515,-0.645
"334",0.05,0.219961,-0.24,-0.05,1.35
"336",-0.035,-1.215039,-0.135,1.035,1.555
"337",-0.81,-1.880039,-0.63,1.32,0.09
"340",1.46,1.129961,-0.23,-0.14,2.86
"342",0.785,1.844961,-0.015,0.725,0.055
"343",0.6450098,0.3549708,0.3950098,0.2550098,-0.1449902
"345",0.395,0.294961,0.015,0.645,-1.095
"347",-0.1975098,0.4224512,0.08249023,0.08249023,0.4724902
"349",-0.4799902,-0.09002922,-0.3399902,-0.4099902,0.1600098
"352",-0.3349902,0.3849708,0.5950098,-2.76499,-0.4449902
"353",0.055,-0.495039,-0.115,-1.075,0.615
"354",-0.22,0.08996101,-0.31,-0.05,-0.36
"359",-0.775,0.05496101,-0.005,-0.165,0.905
"363",-0.355,0.05496101,-0.665,-0.045,0.185
"366",-0.73,-0.280039,1.52,0.82,-0.54
"370",-0.0975,-0.03753899,-0.0175,0.0225,0.4125
"383",0.2025,0.242461,0.5325,-0.1475,-0.1075
"393",0.94,0.04996101,0.42,-0.77,0.46
"399",0.8449902,-0.2650488,0.3149902,0.5249902,0.7249902
"401",0.495,-0.185039,-0.245,0.325,-0.035
"402",-0.025,-0.295039,-0.745,-0.045,-0.325
"407",-0.51,-0.580039,0.41,0.12,0.44
"417",0.545,-0.03503899,0.275,-0.245,0.295
"420",-0.1,0.189961,0.47,0.65,0.97
"428",1.10499,-0.1950488,-0.3150098,0.3649902,-0.6750098
"434",-0.075,-0.435039,0.265,-0.565,-0.785
"435",-0.015,-0.185039,0.775,-0.285,-0.205
"437",0.055,-0.07503899,-0.225,-0.275,-0.675
"441",0.09,0.09996101,0.42,0.96,-0.44
"445",0.15,-0.160039,0.49,0.32,-1.1
"452",-0.355,-0.155039,-0.125,0.385,-0.305
"454",-0.3850098,-0.2750488,-0.03500977,0.3449902,0.5949902
"455",-0.045,-0.275039,-0.065,0.515,0.265
"457",-0.18,-0.230039,-0.71,1.2,0.36
"460",0.36,0.499961,0.02,-0.41,-0.89
"463",-0.8950098,-0.6550488,-0.4250098,-0.07500977,-0.4450098
"468",0.225,-0.365039,0.245,-0.705,-0.445
"475",0.96,-0.330039,0.16,-1.01,0.12
"488",-0.245,0.204961,-0.555,-0.595,-1.085
"491",-0.035,-0.605039,-0.775,-0.515,-1.385
"498",-0.3725,0.03746101,-0.5125,-0.5425,-0.0725
"500",-0.3575,-0.127539,-0.8875,-0.6075,-1.0475
"505",-0.7050195,0.2549415,-0.5550195,-0.8450195,-0.9150195
"508",0.09999023,0.5799512,-0.06000977,0.2599902,-1.12001
"511",-0.29,0.369961,-0.55,0.06,-0.32
"525",-0.5999805,-1.94931e-05,-0.09998051,-0.8999805,-0.5599805
"526",-0.7299805,-0.04001949,0.1700195,-0.7699805,-0.3699805
"534",0.1650195,0.01498051,0.5050195,-0.7849805,-0.9649805
"546",-0.15,0.339961,0.14,-0.1,-0.61
"551",-0.625,0.684961,-0.045,0.075,-0.505
"557",-0.485,0.334961,0.015,0.105,-0.515
"559",-0.31,0.219961,0.22,0.85,-0.48
"566",-0.355,-0.675039,-0.665,0.345,-0.365
"582",-0.17,-0.110039,-0.29,0.2,0.16
"583",-0.785,-0.05503899,-0.445,0.135,-0.185
"587",-0.3749902,-0.08502922,-0.6149902,0.3550098,-0.09499023
"593",-0.02248051,-0.002519493,-0.3124805,0.01751949,-0.01248051
"595",-0.64,-0.920039,0.08,0.2,-1.96
"597",-0.275,0.444961,0.525,-0.205,0.085
"603",-0.48,-0.300039,-0.3,1.4,0.07
"604",0.72,1.019961,-0.39,-0.13,1.79
"612",-0.405,-0.475039,0.715,-0.625,-1.095
"614",-0.395,-0.605039,0.125,0.515,-0.115
"619",-0.155,-0.335039,-0.165,0.255,-0.645
"623",-1.15,-0.400039,-0.38,-0.86,-1.73
"624",-1.1525,-0.852539,-0.3325,0.5075,-1.1325
"629",-0.1849805,-0.1450195,0.02501949,0.2650195,-0.7949805
"632",-0.3999902,-0.1900292,-0.1399902,0.8800098,-0.1299902
"640",-0.405,-0.885039,-0.865,0.235,0.525
"641",-1.125,-1.295039,-0.735,0.905,-0.245
"642",-1.15,-1.280039,-0.9,1.07,-0.12
"646",-0.825,-0.985039,-0.795,0.875,-1.195
"650",-0.515,-0.405039,-0.125,0.325,-1.245
"656",-0.425,-0.155039,-0.435,0.555,-0.185
"658",-0.415,-0.425039,-0.275,0.045,-0.245
"666",-0.3849902,-0.5350292,-0.04499023,0.07500977,-1.61499
"667",-0.075,-0.475039,0.005,-0.365,-0.915
"670",-0.5899902,-0.6800292,-0.3399902,0.5000098,-0.5799902
"672",-0.245,-0.005038986,0.005,0.475,-0.595
"675",-0.5,-0.320039,0.07,0.26,-0.77
"678",0.03,-0.590039,0.13,0.34,-0.78
"679",-0.36,-0.370039,-0.01,0.58,-0.39
"680",-0.09500977,-0.3450488,0.07499023,0.7149902,-0.4250098
"681",-0.39,-0.410039,0.37,0.67,0.12
"682",-0.9350098,-0.4850488,-0.01500977,-0.1150098,0.3049902
"683",-0.32,-0.150039,-0.72,0.21,-0.87
"684",-0.27,-0.160039,-0.51,0.06,-0.84
"687",-0.48,-0.410039,-0.96,0.11,0.46
"699",-1.4675,-0.917539,-0.4075,-0.2175,0.5125
"704",-0.215,-0.415039,-0.005,-0.175,-0.395
"710",-1.32,-0.800039,-0.44,1.09,-0.99
"711",-1.165,-0.725039,-0.765,0.865,-1.145
"712",-0.8599902,-0.7200292,-0.5999902,1.24001,-0.4599902
"716",-0.115,-0.08503899,0.165,-0.045,0.145
"721",0.17,0.07996101,-0.19,0.55,0.14
"722",-0.1650098,0.1449512,-1.03501,0.1749902,0.3949902
"723",-0.1099805,-0.05001949,-1.229981,0.2500195,-0.1199805
"726",-0.225,-0.335039,-0.605,0.145,-0.395
"733",-0.2150098,0.1149512,-0.3950098,-0.5450098,0.1749902
"735",0.06,0.179961,-0.22,-0.42,0.47
"736",0.05,0.869961,0.12,0.72,0.89
"738",0.435,0.364961,0.585,0.105,-0.075
"740",-0.02250977,0.1574512,0.5874902,-1.05251,0.3474902
"744",-0.0575,-0.007538986,0.5925,-0.0975,-0.3775
"745",0.07500977,-0.4350292,0.6650098,0.2150098,-0.4649902
"751",0.2375,0.697461,0.5975,-0.4725,-0.4025
"758",-0.01,-0.05003899,0.07,-0.22,0.16
"761",0.9449902,0.4349512,0.04499023,-0.1750098,-0.3550098
"765",-0.235,0.144961,0.015,-0.495,-0.005
"769",-0.5525,-0.07253899,-0.4725,-0.7225,0.0175
"770",-0.09499023,0.06497078,-0.1549902,-0.2349902,-0.02499023
"776",0.06001949,-0.1200195,-0.4099805,0.2000195,0.8700195
"779",-0.175,0.184961,0.365,0.445,0.345
"781",0.145,-0.185039,0.365,-0.075,-0.075
"800",0.395,0.08496101,-0.635,0.995,-0.155
"805",0.16,0.01996101,0.36,0.82,-0.05
"807",-0.4199902,0.2499708,0.1600098,-0.1599902,-0.3499902
"812",-0.2425,-0.222539,0.5175,-1.6825,-0.1725
"813",-0.03,-0.570039,0.32,0.21,-0.29
"814",0.49,-0.270039,0.45,0.15,-0.49
"815",-0.225,0.154961,-0.265,-0.185,-0.145
"819",-0.669961,-0.01,0.230039,-0.05996101,-0.09996101
"823",-0.395,0.03496101,0.005,-0.195,-0.665
"824",0.1800195,0.009980507,0.03001949,-0.4499805,-0.2999805
"825",-0.28,0.179961,-0.01,0.02,0.45
"826",0.2325,0.252461,0.3725,-0.1375,-0.2975
"831",-0.35,0.849961,0.81,-0.02,-0.23
"832",0.245,0.634961,0.615,-0.545,-0.435
"833",0.1,0.429961,0.62,-0.37,-0.02
"834",0.205,0.104961,0.505,0.115,-0.025
"838",-0.125,-0.125039,-0.005,0.055,0.285
"839",-0.92,-0.580039,-0.02,-1.29,-1.16
"843",-0.3500098,0.3599512,0.3499902,-0.4800098,-0.4800098
"853",-0.625,0.464961,0.325,-0.645,-0.635
"854",-0.905,-0.455039,0.295,-0.115,-0.535
"856",-0.63,-0.130039,0.73,-1.81,-0.44
"857",-0.855,-0.245039,0.595,-1.415,-1.075
"869",0.05,0.269961,0.51,-1.07,-0.96
"871",0.005,0.02496101,-0.025,-0.775,-0.475
"878",0.39,0.149961,-0.07,-0.45,-0.34
"881",-0.04,0.689961,-0.35,-0.36,-1.39
"885",-0.055,0.484961,-0.375,-1.005,-0.825
"891",0.825,-1.085039,0.725,-0.315,-0.555
"892",0.4799902,-1.250049,0.5599902,0.1899902,-0.7000098
"894",-0.375,-0.215039,0.415,-0.675,-0.385
"898",-0.1849902,0.1549708,-0.5249902,-0.08499023,0.4350098
"899",-0.465,-0.515039,0.275,-0.005,-0.715
"900",-0.275,0.294961,0.045,-0.055,-0.595
"901",-0.29,0.789961,-0.62,-0.29,-0.44
"902",-0.22,0.289961,-0.52,0.06,-1.46
"904",0.5025,0.332461,-0.4175,0.5225,-0.1675
"909",0.185,0.484961,-0.075,-0.315,-0.185
"911",0.1299902,0.08995125,-0.9000098,0.01999023,0.1299902
"916",-0.15,-0.04003899,0.33,0.27,0.05
"920",-0.415,-0.285039,-0.495,0.035,0.045
"921",-0.05500977,0.09495125,0.1049902,0.5549902,-0.3950098
"922",0.07,0.349961,-0.08,0.21,-0.74
"923",0.37,0.209961,-0.63,0.09,-0.4
"925",0.2200098,-0.2700292,-0.5299902,0.02000977,-0.3899902
"931",0.085,0.07496101,-0.555,0.495,1.145
"942",0.11,0.369961,0.06,0.07,-0.24
"945",-1.21499,-1.335029,0.5350098,-0.1049902,-0.6849902
"951",-0.6049902,-0.4150292,-0.1649902,0.5050098,-0.6849902
"958",-0.155,-0.005038986,0.725,-0.175,-0.245
"959",0.1625,-0.147539,0.5125,1.1325,-0.0475
"960",-0.13,0.449961,0.61,0.09,-0.51
"963",0.025,0.304961,-0.105,0.125,-0.355
"964",0.3750098,0.3849708,0.1750098,0.2350098,-0.1849902
"965",0.2299902,0.6299512,-0.3000098,0.1899902,-0.5000098
"969",0.74,0.689961,0.43,0.05,-0.38
"979",0.5399902,-0.3700488,0.1699902,0.7999902,0.9299902
"981",0.2400195,0.01998051,-0.04998051,-0.2699805,0.07001949
"984",-0.35,-0.250039,-0.32,-0.04,0.01
"988",-0.13,-0.270039,0.04,0.23,-0.17
"989",0.205,-0.225039,-0.355,0.005,-0.295
"991",0.06,-0.350039,0.17,-0.21,0.35
"993",-0.325,-0.505039,-0.095,-0.075,0.505
"995",-0.495,-0.485039,0.435,-0.715,-0.745
"1000",1.02,1.199961,-0.16,4.8,0.13
"1006",0.17,0.939961,-0.18,-0.36,0.03
"1007",0.11,0.519961,-0.04,-0.79,-0.08
"1010",-1.285,-1.955039,-0.975,0.315,0.055
"1016",-0.6325,-0.102539,-0.6625,0.2875,0.1575
"1019",0.005,-0.445039,-0.935,-0.885,-0.535
"1021",1.005,0.09496101,-0.845,-0.675,-0.405
"1022",0.51,0.159961,-0.41,-6.932118e-18,0.24
"1024",-0.07,0.199961,0.27,-0.21,-0.49
"1028",0.03000977,0.1099708,-0.009990234,0.4700098,-0.2699902
"1029",0.155,0.09496101,-0.035,0.385,-1.055
"1037",-0.1500098,-0.3000488,-0.8500098,-0.05000977,-0.5800098
"1039",0.105,-0.295039,-0.445,0.095,0.255
"1040",-0.435,-0.405039,-0.145,0.235,-0.555
"1044",-0.095,-0.285039,-0.085,0.735,0.155
"1046",0.01999023,0.05995125,-0.3300098,-0.2700098,0.009990234
"1056",0.705,-0.06503899,-0.205,-0.115,-0.805
"1059",0.065,0.294961,0.085,0.635,0.085
"1060",1.82,1.489961,1.38,-0.37,-1.83
"1061",0.145,0.844961,0.115,-0.385,0.025
"1062",0.23,0.419961,0.06,-0.4,-0.22
"1069",-0.03,-0.160039,0.02,-0.83,-1
"1072",-1.05,-1.210039,-1.81,-1.19,-0.41
"1076",-0.44,-0.630039,-0.55,-0.65,-1.13
"1079",-0.615,-0.745039,-0.275,-0.345,-1.455
"1080",-0.06000977,-0.5500488,-0.3900098,-0.3700098,-1.70001
"1081",-0.15,-0.390039,-0.07,-0.22,-1.86
"1083",-0.69,-0.480039,0.07,-0.28,-2.08
"1084",-0.755,-0.685039,-0.175,-0.425,-1.625
"1091",0.415,0.894961,0.035,-0.455,-0.745
"1094",-0.09,-0.670039,0.02,-0.1,0.56
"1095",-0.695,-0.495039,-0.945,0.265,0.495
"1104",0.28,0.449961,-0.36,-0.7,0.38
"1105",0.43,0.869961,0.02,-1.2,1.17
"1115",-0.8399805,0.2299805,1.94931e-05,0.6700195,-0.5599805
"1118",-0.625,-0.115039,-0.035,-0.105,-0.165
"1119",-0.7800098,-0.5300488,-0.2900098,0.2799902,0.3699902
"1122",-0.645,-0.605039,-0.315,-0.395,-0.425
"1123",-0.115,0.454961,-0.085,0.655,0.565
"1125",-0.075,-0.215039,-0.105,0.005,0.525
"1126",-0.26,0.699961,-0.39,0.4,-0.41
"1127",-0.215,0.294961,-0.335,0.575,-0.545
"1128",-0.27,-0.480039,0.75,-0.01,0.56
"1132",-0.3299805,-0.8200195,0.01001949,-0.6099805,-0.9199805
"1133",-0.895,-1.015039,-0.085,0.025,0.205
"1137",-0.375,-0.605039,0.135,-0.015,-0.355
"1138",-1.04501,-0.5350488,0.4449902,0.2749902,0.1549902
"1144",-0.215,-0.995039,-1.285,-0.685,-0.715
"1151",-0.535,-0.985039,-1.435,1.145,-0.865
"1155",-0.4975,0.102461,0.1225,0.0325,-1.1275
"1156",-0.1450098,0.08495125,0.6249902,-0.06500977,-0.8350098
"1158",-0.76,-0.640039,-0.31,-0.09,0.45
"1159",-0.63,-1.190039,-0.73,-0.36,-0.17
"1161",0.12,-0.550039,0.24,-6.938894e-18,-0.29
"1167",0.5300195,0.01998051,0.6500195,0.03001949,-1.499981
"1178",-0.115,-0.06503899,-0.065,-0.035,-0.965
"1181",0.055,0.404961,-0.305,-0.355,-0.865
"1190",-0.14,-3.898621e-05,0.05,-0.96,-0.29
"1192",-0.185,0.334961,0.165,-0.735,-0.535
"1194",-0.455,-0.385039,-0.095,-0.225,-1.125
"1195",-0.7199902,-0.09002922,-0.2399902,-0.3599902,-0.7499902
"1198",-0.085,-0.165039,0.165,-0.365,0.425
"1204",-0.74,0.08996101,-0.59,-0.03,-0.37
"1214",-0.4799805,-0.4600195,-0.3999805,0.2200195,-0.6699805
"1215",0.22,0.03996101,-0.1,0.27,0.02
"1224",-0.385,-0.235039,-0.225,-0.795,-0.465
"1226",-0.3649805,-0.005019493,-0.4249805,-0.9149805,-0.6749805
"1228",-0.075,0.07496101,-0.035,-0.235,-0.895
"1235",-0.305,0.224961,-0.585,-0.015,-0.245
"1244",-0.3849902,-0.04502922,-0.2849902,-0.3549902,0.4550098
"1254",-1.395,-0.795039,-0.685,0.045,-0.365
"1260",-0.4875,-0.147539,-0.4375,0.5825,0.1425
"1261",-0.3925,0.197461,-0.2725,0.0875,0.3875
"1262",-0.3950098,-0.3250488,-0.8650098,-0.06500977,0.2649902
"1270",-0.5799902,-0.2300292,-0.2599902,-0.3299902,0.08000977
"1278",-0.5275,0.202461,0.1225,-0.4875,-0.1275
"1282",-0.68,0.04996101,0.01,-0.65,-0.26
"1284",0.285,-0.475039,0.765,-1.005,0.195
"1289",0.275,0.394961,0.135,-0.145,-0.675
"1290",0.4199902,0.6499512,0.08999023,-0.4300098,-0.2500098
"1293",0.2899902,0.5599512,-0.05000977,-0.3500098,0.4399902
"1296",-0.59,0.159961,-0.86,-0.23,0.89
"1299",-0.275,0.534961,0.015,-0.775,-0.815
"1306",-0.255,0.154961,0.175,-0.485,-1.005
"1307",-0.025,-0.105039,-0.015,0.295,-1.385
"1312",-0.345,-0.235039,-0.115,-0.375,-0.825
"1317",0.015,-0.345039,0.075,0.845,-0.155
"1324",0.3499805,0.1499415,0.5199805,0.7899805,-0.04001953
"1325",0.115,0.454961,0.655,0.915,-0.455
"1328",-0.185,-0.725039,-0.235,0.035,-1.055
"1334",0.7,1.049961,0.6,-0.43,-0.54
"1336",0.005,0.194961,-0.515,0.435,0.375
"1338",-0.07999023,0.1899708,-0.1199902,-0.2599902,-0.6299902
"1346",-0.285,0.164961,-0.865,-0.265,-0.175
"1348",0.15,0.549961,-0.11,-0.76,-0.37
"1349",0.135,0.344961,-0.185,-0.795,-0.515
"1350",0.11,-0.670039,-0.08,-1.02,-1.01
"1353",0.12,0.239961,0.24,-0.06,-0.07
"1358",0.3450195,-0.02501949,-0.6049805,-0.1849805,0.4650195
"1359",-0.745,0.07496101,-0.205,-0.755,-0.565
"1364",-0.055,-0.005038986,-0.195,0.035,0.235
"1365",0.01,-0.120039,0.1,-0.01,0.31
"1368",0.2800098,-0.04002922,-0.1299902,-0.1899902,-1.04999
"1370",-0.13,-0.480039,-0.03,-0.18,0.36
"1385",0.03,-0.680039,0.49,1.03,-2.62
"1401",-0.32,-0.420039,0.62,-1.26,-0.66
"1402",-1.51,-1.190039,1.51,-0.18,-2.05
"1413",0.3750097,0.1449707,0.06500973,-1.17499,-0.04499027
"1419",0.06000977,-0.02002922,-0.01999023,-0.07999023,-0.3799902
"1420",-0.305,-0.165039,0.085,0.205,-0.295
"1422",-0.36,-0.06003899,-0.05,0.07,0.11
"1424",-0.935,-1.125039,-0.195,-0.495,-1.435
"1426",-0.2150098,-0.5350488,-0.5450098,-0.1450098,-0.1850098
"1427",0.1975,-0.452539,0.0775,-0.6725,-0.7425
"1428",0.055,-0.615039,-0.625,-0.945,-1.615
"1429",-0.705,-0.445039,-0.795,-0.945,-0.815
"1436",0.1800195,-1.94931e-05,-0.3899805,-1.109981,-0.2299805
"1439",-3.469447e-18,0.319961,-0.17,0.22,0.02
"1441",-0.395,-0.205039,0.335,-0.015,-0.675
"1444",-0.5425,-0.472539,0.2075,-0.2125,-0.7725
"1445",-0.6975,-0.827539,0.5025,0.0225,-0.7075
"1446",-0.6249902,-0.9050292,0.5450098,0.02500977,-0.5249902
"1449",0.55,-0.350039,0.06,-0.3,-0.89
"1452",0.15,-0.410039,-0.45,-0.15,-0.74
"1454",-0.185,-0.595039,-0.285,0.265,-0.265
"1455",0.3500195,-0.02001949,0.02001949,-0.3699805,-0.5899805
"1456",-0.025,0.214961,-0.315,-0.095,-0.055
"1460",-0.5999902,-0.1800292,0.7600098,-0.3799902,-0.5799902
"1461",-0.55,-0.390039,-0.25,-0.35,-0.58
"1462",-0.335,-0.225039,-0.235,-0.635,-0.575
"1473",0.0925,0.312461,-0.3075,-0.4975,-0.2175
"1479",0.005,0.104961,-0.435,-0.375,-0.895
"1483",0.1199902,0.04995125,-0.1200098,-0.5800098,0.4599902
"1484",-0.5950098,-1.215049,0.1349902,-0.2550098,-0.4550098
"1492",-0.54,-0.510039,-0.14,-0.01,-0.09
"1497",-0.055,0.434961,-0.535,-0.185,-0.915
"1501",-0.6,-0.260039,-0.14,-0.67,-0.03
"1503",-0.009980507,0.3699805,0.09001949,-0.6499805,-0.1999805
"1506",-0.23,-0.100039,-0.37,0.7,0.2
"1509",0.085,0.254961,0.195,-0.525,0.055
"1510",0.25,0.169961,-0.87,-0.81,0.38
"1511",0.32,-0.03003899,0.33,0.23,-0.03
"1512",0.275,0.174961,-0.295,-0.905,0.435
"1513",-0.005,-0.155039,-0.285,-0.325,0.165
"1514",-0.1649902,-0.03502922,-0.3549902,-0.3849902,-0.2149902
"1519",0.08000977,-0.05002922,-0.7399902,-0.09999023,0.2700098
"1521",-0.98,0.01996101,-0.42,-0.08,0.15
"1522",-0.08498051,0.004980507,-0.1349805,0.4950195,0.8950195
"1524",-0.395,-0.335039,-0.245,1.045,0.835
"1528",-0.1649902,-0.2450292,-0.4449902,0.6050098,0.09500977
"1532",-0.8,-0.720039,-0.98,-0.97,0.17
"1535",-0.455,0.474961,-0.525,0.065,-0.115
"1536",-0.0575,0.132461,-0.6075,-0.1775,0.1825
"1542",-0.05,-0.05003899,-0.5,-0.28,-0.12
"1547",-0.505,-0.01503899,0.005,-0.055,0.325
"1548",-0.4449805,0.02498051,-0.02498051,-0.1249805,-0.3249805
"1550",1.94931e-05,0.2599805,0.3000195,0.2800195,-0.6499805
"1551",0.09,-0.420039,0.14,-0.06,-0.74
"1555",-0.2649805,0.03498051,-0.4449805,0.1750195,0.1950195
"1556",-0.47,0.149961,-0.48,0.13,-0.4
"1557",-0.345,-0.475039,-0.335,0.435,0.685
"1563",-0.455,0.01496101,0.095,0.575,0.215
"1565",-0.2,-3.898621e-05,0.09,0.64,0.67
"1567",-0.38,0.139961,0.01,0.26,0.63
"1568",-0.305,0.794961,0.395,0.305,0.395
"1569",-0.195,-0.365039,-0.775,0.535,0.645
"1575",-0.545,-0.675039,-0.375,-0.035,0.405
"1583",-0.73,0.139961,-0.47,-0.02,0.87
"1585",-0.32,0.239961,-0.31,-0.37,0.84
"1587",-0.3150098,0.01495125,-0.2550098,0.04499023,-0.3850098
"1588",-0.485,-0.225039,-0.475,0.245,0.185
"1589",-0.4149805,0.004980507,-0.3849805,0.4250195,0.2350195
"1594",-0.285,-0.205039,-0.555,0.805,0.445
"1596",-0.35,0.08996101,-0.18,0.39,-0.06
"1600",-0.3600098,-0.1100488,-0.4600098,0.3699902,0.1699902
"1603",-0.5075,-0.717539,-0.4775,-0.1675,-0.9275
"1605",-0.705,-0.135039,-0.355,-0.395,-0.485
"1606",-0.335,-0.245039,-0.075,-0.745,-0.935
"1607",-0.29,-0.210039,-0.6,0.31,-0.24
"1610",-0.1999805,-1.94931e-05,-0.4799805,0.7800195,0.9700195
"1617",-0.16,-0.120039,0.62,0.28,0.84
"1619",-0.66,-0.310039,-0.37,0.49,0.53
"1621",-0.27,-0.160039,-0.53,0.65,0.36
"1622",-0.2500098,-0.4000488,-0.6800098,1.23999,-0.2200098
"1628",-0.09,-0.430039,-0.01,-0.09,0.18
"1636",-0.005009766,-0.5950488,0.7249902,-0.8950098,-0.7950098
"1640",-0.4599902,0.6599708,-0.05999023,-0.1599902,-0.7399902
"1641",-0.315,0.614961,-0.235,-0.025,-0.735
"1642",-0.44,0.619961,-0.1,0.28,-0.97
"1646",0.1800195,-0.01001949,-0.4999805,-0.5299805,-0.6999805
"1648",-0.105,-0.565039,-0.615,-0.535,-1.875
"1649",-1.18,-0.290039,-0.53,-0.75,-1.72
"1652",-0.84,-0.660039,-1.85,-0.42,-0.6
"1657",-0.1050098,-0.4950488,0.05499023,-0.9350098,-0.2050098
"1658",-0.09498051,0.004980507,-0.2849805,-0.06498051,-0.1449805
"1660",-1.12,-1.030039,3.469447e-18,-0.04,0.4
"1661",0.08499023,-0.9950488,-0.4750098,-0.07500977,-0.6450098
"1662",-0.8599902,-1.400029,-0.4599902,0.2600098,-1.23999
"1663",-0.2,-0.660039,-0.82,0.02,-0.89
"1670",0.2549902,-0.04504875,-1.24501,-0.9350098,-0.1350098
"1673",0.62,0.03996101,0.06,0.05,-0.85
"1674",0.565,0.05496101,0.035,-0.135,-1.585
"1677",-0.485,0.104961,0.835,0.435,-0.595
"1678",-0.105,0.294961,0.355,0.195,-0.285
"1679",-0.11,-0.190039,0.19,0.29,0.02
"1680",0.015,-0.575039,0.335,0.105,-0.665
"1681",0.195,-0.415039,0.685,-0.055,-0.655
"1685",-0.4875,-0.09753899,-0.1175,-0.4375,-0.5075
"1691",-0.43,-0.06003899,-0.81,-0.36,0.68
"1693",0.035,-0.205039,-0.875,-1.395,0.275
"1697",-2.535,-0.09503899,-0.275,-0.655,-0.275
"1698",-0.6549805,-0.01501949,-0.1749805,-0.8249805,-0.2549805
"1699",-0.27,0.05996101,-0.47,-0.2,0.08
"1702",-0.3199805,0.1199805,-0.05998051,-0.4999805,0.5100195
"1703",-0.16,-0.430039,-0.54,-1.03,-0.39
"1704",-0.555,-0.375039,0.215,-0.745,-0.105
"1710",-0.26,0.09996101,0.08,-0.35,-0.25
"1719",-0.1050098,-0.5050488,0.01499023,-0.4050098,-0.3650098
"1723",-0.51,-0.220039,-0.07,-0.41,-0.49
"1728",0.115,-0.285039,-0.275,-0.045,0.205
"1729",-0.555,-0.02503899,-0.825,-0.805,-0.365
"1731",0.03499023,-0.005048752,-0.2950098,0.1349902,0.6849902
"1734",-0.73,-0.930039,0.08,-0.2,-0.6
"1735",0.03,-0.240039,-0.05,0.17,0.36
"1739",-0.475,-0.595039,-0.715,-0.345,-0.875
"1741",-0.165,1.414961,0.465,-1.305,-1.095
"1742",-0.2200098,0.7899512,0.3999902,-1.10001,-0.8900098
"1745",-0.585,0.574961,0.195,-0.965,-1.655
"1747",0.45,-0.450039,-1.2,-0.25,-0.48
"1748",-0.36,-0.200039,0.2,0.38,0.32
"1753",-0.47,-0.570039,-0.33,-0.38,-0.82
"1756",0.1949902,-0.2350488,0.03499023,0.8949902,-0.08500977
"1759",0.37,-0.330039,0.02,-0.29,-0.41
"1760",-0.04,-0.290039,6.938894e-18,-0.26,0.08
"1765",0.175,-0.425039,-0.125,0.085,-0.655
"1767",-0.1425,-0.232539,-0.3325,0.6975,0.7675
"1768",-0.3499902,-0.3800292,-0.1299902,0.1100098,-0.3799902
"1770",-0.525,-0.575039,-0.095,-0.085,-0.465
"1775",-0.575,-0.295039,0.135,0.015,-0.665
"1777",0.465,-0.805039,0.115,-0.005,0.075
"1781",-0.15,-0.390039,-0.06,-0.23,-0.02
"1782",-0.295,-0.755039,-0.235,0.165,-0.235
"1785",-0.295,-0.285039,0.145,0.005,-0.205
"1786",-0.15,-0.200039,-0.07,0.4,-0.03
"1788",-0.11,-0.830039,-0.33,-0.23,-0.49
"1789",0.2900195,-1.010019,-0.2999805,-0.6799805,-0.5299805
"1790",-0.91,-0.520039,-0.73,-0.32,0.26
"1794",0.005,-0.03503899,-0.195,0.035,0.425
"1797",-0.085,-0.09503899,-0.375,-0.125,-0.115
"1804",-0.22,-0.07003899,-0.14,-0.15,-0.34
"1808",-0.2149902,-0.7150292,-0.3349902,-0.3249902,-0.02499023
"1810",0.1675,-0.602539,-0.2225,0.0775,-0.7425
"1812",-0.2,0.319961,-0.44,0.06,-0.13
"1815",-0.53,-0.340039,-0.28,-0.35,-1.18
"1820",0.04,-0.700039,-0.72,0.66,-0.46
"1824",0.1999902,-0.9300488,-0.4600098,-0.5500098,-0.8500098
"1827",-0.3249805,-0.06501949,-0.2849805,-0.5249805,-0.8849805
"1829",-0.125,-0.02503899,0.095,-1.385,-0.625
"1832",-0.03,-0.440039,-0.21,-0.01,-0.7
"1837",-0.685,0.07496101,-0.025,-0.705,-0.535
"1838",0.71,-0.170039,-0.41,-0.17,-0.59
"1842",-0.47,0.139961,-0.35,-0.68,-0.7
"1845",-0.5000098,-0.3500488,-0.1900098,0.3299902,-0.1300098
"1847",-0.52,-0.700039,-0.43,-1.08,-0.53
"1848",-0.44,-1.670039,-0.89,-0.55,-1.38
"1850",-0.07500977,-1.175049,-0.5050098,-0.6750098,-0.5650098
"1852",-0.18,-0.260039,-0.46,-0.12,-0.28
"1855",-0.445,-0.245039,-1.045,0.065,0.215
"1856",-0.485,-0.235039,0.135,-0.815,-0.565
"1863",-0.2949805,-0.08501949,-0.1149805,-0.004980507,-0.6749805
"1869",0.08,0.209961,-0.61,-0.65,0.06
"1874",0.045,-0.09503899,0.385,-0.455,-0.745
"1875",-0.615,-0.02503899,-0.205,-0.145,-0.685
"1876",-0.2849902,0.06497078,-0.06499023,-0.6249902,-0.7049902
"1878",-0.3249805,0.02498051,-0.2149805,-0.9249805,-1.404981
"1881",-0.05,-0.100039,0.17,-0.91,-1.69
"1884",0.31,0.439961,-0.63,0.33,-0.78
"1885",0.09,0.609961,-0.51,0.47,-0.24
"1890",0.015,-0.315039,-0.255,0.195,-0.095
"1893",-0.16,0.149961,-0.33,0.16,0.48
"1894",0.27,1.259961,-0.01,-0.64,-0.56
"1895",0.2375,0.09746101,-0.2725,-0.2425,-0.0125
"1896",-0.06,-0.02003899,-0.19,0.13,-0.09
"1899",-0.4425,-0.272539,-0.4025,-0.0125,0.2675
"1903",0.005,1.364961,-0.305,-0.815,-0.465
"1904",-0.48,0.999961,-0.41,-0.29,-0.34
"1905",0.17,0.01996101,-0.41,-0.46,-0.54
"1912",-0.07999023,0.9899708,-0.06999023,0.6300098,-0.3399902
"1913",0.375,0.984961,-0.085,0.065,0.195
"1916",-0.275,-0.195039,-0.485,0.355,-0.165
"1918",-0.32,-0.05003899,-0.31,0.12,-0.21
"1920",-0.3950098,-0.1050488,-0.2650098,0.3049902,0.09499023
"1922",-0.29,-0.330039,-0.3,0.14,-0.3
"1923",-0.315,-0.205039,-0.795,-0.205,-0.595
"1926",-0.705,-1.035039,-1.325,-1.155,-1.775
"1928",-0.985,-0.355039,-0.875,-0.685,-0.205
"1934",-0.06999023,0.4699708,-0.1099902,-0.4499902,0.3900098
"1935",-0.1749805,-0.01501949,-0.7349805,-0.1649805,0.5450195
"1939",-0.405,-0.135039,-0.475,-0.235,-0.225
"1941",0.055,-0.285039,0.375,0.345,-0.075
"1943",-0.2500098,-0.4600488,-0.1900098,0.1299902,-0.1700098
"1944",-0.1450098,-0.2150488,-0.5150098,0.1949902,-0.1750098
"1949",-0.1425,-0.02253899,-0.5725,-0.0225,-0.2125
"1950",-0.095,-0.105039,-0.625,0.055,0.085
"1951",-0.1249805,-0.2550195,-0.3449805,-0.2949805,-0.3549805
"1956",-0.105,0.09496101,-0.045,-0.215,-0.675
"1957",0.1449902,0.2049512,0.5949902,0.6349902,-0.4150098
"1963",-0.1749902,-0.02502922,-0.2649902,0.3850098,-0.02499023
"1964",0.07,-0.420039,-0.68,0.75,0.02
"1966",0.2,-0.380039,-0.45,-0.68,-0.04
"1967",-0.34,-0.800039,-0.67,0.08,-0.4
"1970",-0.365,-0.415039,-0.375,-0.865,-0.375
"1971",-0.55,-0.320039,-0.54,-1.25,-0.12
"1972",-0.46,-0.810039,-1.21,-1.01,-0.63
"1978",0.235,-0.02503899,0.075,-0.005,-0.605
"1983",-0.09500977,0.1649512,0.3949902,-0.7350098,-0.6450098
"1987",-0.02,0.589961,-0.26,-0.43,-1.08
"1988",-1.38,0.209961,0.26,-0.6,-0.86
"1989",-0.4799805,-0.4200195,-0.8299805,-1.209981,-0.7699805
"1990",-0.605,-0.335039,-0.275,-0.655,-0.585
"1992",-0.465,-0.505039,-0.005,0.445,-0.105
"1993",0.04500977,-0.2650292,-0.1849902,0.5250098,-0.04499023
"1994",-0.23,-0.660039,0.13,0.27,0.07
"1995",-0.0875,-0.307539,-0.0075,0.7225,-0.4375
"1998",-0.22,0.339961,-0.14,0.05,0.01
"2007",-0.3,0.519961,-1.31,0.32,0.1
"2010",0.01,0.469961,0.01,0.31,0.01
"2012",0.115,0.324961,0.055,-0.075,-0.005
"2015",0.025,0.754961,-0.385,-0.605,0.565
"2017",0.44,0.149961,-0.03,0.09,0.25
"2020",0.3749902,0.4049512,0.1049902,-0.03500977,-1.20501
"2023",-0.495,-0.105039,-0.785,-0.445,-0.235
"2026",-0.4649805,-0.4250195,-0.6949805,-0.5349805,-1.104981
"2033",-0.75,-0.120039,-0.81,-0.6,-0.92
"2034",-0.9049805,-0.5650195,-0.7749805,0.06501949,-0.9149805
"2044",-0.045,0.104961,0.265,-0.405,-0.405
"2046",-0.3149902,0.05497078,-0.2849902,-0.4549902,-0.8749902
"2047",-0.115,-0.805039,0.135,-0.745,-0.745
"2051",0.095,-0.455039,-0.355,-0.555,0.235
"2052",-0.06,-0.04003899,0.45,0.09,-1.18
"2054",-0.46,-0.06003899,0.52,-0.4,0.09
"2058",-0.2650195,0.1849415,-0.6350195,0.4549805,0.7449805
"2061",-0.285,-0.225039,0.485,0.115,-0.545
"2062",-0.39,-0.190039,0.02,0.21,-0.4
"2063",-0.1875,-0.507539,0.1725,0.0225,0.0125
"2067",-1.055,-0.955039,-0.665,0.295,-0.425
"2069",0.91,1.459961,0.44,0.92,0.4
"2088",-0.31,-0.500039,0.01,0.26,-0.05
"2089",-0.12,-0.560039,0.19,-0.2,0.17
"2093",0.05500977,0.1749708,-0.3449902,-0.1049902,0.4950098
"2094",0.02499023,0.6549512,-0.2150098,0.3549902,0.6349902
"2096",0.135,-0.03503899,-0.135,0.095,0.055
"2099",0.1,0.379961,-1.39,-1,0.18
"2101",-0.3450098,0.5449512,-0.1550098,-0.7050098,0.2249902
"2107",1.53,0.859961,-0.07,0.17,0.23
"2109",0.11,-0.310039,0.66,0.47,-0.5
"2122",-0.195,-0.335039,-0.445,0.305,0.655
"2123",0.1749902,-0.3150488,-0.3150098,0.3649902,0.09499023
"2124",0.325,-0.525039,-0.365,0.225,-0.915
"2127",0.435,-0.295039,-0.395,-0.065,0.245
"2128",0.6000195,-1.94931e-05,-0.3399805,0.3800195,0.5200195
"2131",0.27,0.139961,-0.32,0.65,0.66
"2134",0.4450098,0.1049708,-0.3349902,0.8350098,0.6850098
"2138",0.66,-0.130039,-0.49,0.97,0.46
"2143",0.1449902,-0.2950488,-0.3850098,0.09499023,0.07499023
"2145",0.1549902,-0.6450488,-0.7150098,0.3249902,-0.1550098
"2157",0.66,0.269961,0.16,0.41,0.32
"2162",0.1300098,0.2399708,-0.04999023,-0.4699902,0.7500098
"2163",-0.64,0.179961,-0.4,-0.75,1.08
"2164",-0.2300098,0.3599512,-0.04000977,-0.7600098,-0.5300098
"2170",-0.6199902,0.4199708,-0.6799902,-0.5199902,-0.5599902
"2171",0.1250098,0.1949708,-0.1649902,0.5150098,-0.1849902
"2178",-0.055,0.214961,0.225,-0.275,0.185
"2180",-0.3,-0.340039,0.57,-0.06,0.44
"2184",-1.16,-1.480039,-1.15,-0.45,-0.95
"2186",-0.015,-0.185039,-0.145,-0.815,-0.605
"2187",-0.7525,-0.862539,-0.9825,-1.5925,-1.0925
"2188",-0.0125,-0.642539,-0.2425,-0.4225,0.0775
"2190",-0.6850098,-0.2450488,-0.2150098,-0.6850098,-0.3550098
"2195",0.3600098,0.009970779,-0.3299902,-0.8299902,-1.77999
"2200",-0.005,0.194961,-0.705,0.625,-0.895
"2201",-0.22,-0.110039,-0.88,0.59,-0.78
"2203",-0.24,-0.110039,-0.11,0.8,-1.24
"2208",-0.05000977,-0.1300488,-0.05000977,0.2999902,-0.8200098
"2210",-0.01,0.279961,-0.35,-0.22,-0.94
"2211",0.1899902,-0.4500488,-0.4100098,0.7699902,-0.8200098
"2217",0.01999023,0.1699512,-0.3600098,-0.6000098,0.2499902
"2219",-0.21,0.299961,-0.3,0.14,0.04
"2221",-0.425,-1.025039,-0.925,-0.095,-0.155
"2222",-0.205,-1.255039,-0.985,0.045,-0.475
"2225",0.065,0.214961,-0.395,0.145,-0.125
"2228",-0.34,-1.040039,-0.37,-0.03,-0.43
"2229",-0.185,-0.785039,0.125,-0.385,-0.035
"2237",-0.2999805,-0.3800195,-0.6899805,-0.8799805,-0.5399805
"2241",-0.1800098,-0.7000488,-0.6200098,-0.1900098,-0.9300098
"2242",-0.035,-1.075039,-0.565,0.245,-0.505
"2243",0.675,-0.125039,0.115,-0.615,-0.695
"2247",0.3200195,0.009980507,-0.5599805,0.2400195,-0.3499805
"2249",0.3099902,0.2299512,-0.4000098,-0.6900098,-1.18001
"2250",0.08,0.06996101,-0.27,0.1,-0.15
"2252",0.765,-0.03503899,-0.705,-1.335,-1.475
"2254",0.245,-0.275039,-0.075,0.445,0.125
"2259",0.11,0.269961,-0.17,-0.56,0.06
"2260",-0.04498051,0.2749805,-0.3649805,-0.5049805,0.3250195
"2263",0.75,-0.06003899,-0.09,-0.21,-0.36
"2265",0.765,-0.215039,-0.455,0.265,0.355
"2267",-0.2250098,0.03495125,-0.1850098,-0.09500977,-0.3850098
"2272",-0.7125,0.177461,-0.7325,-0.2925,0.3175
"2276",-0.555,-0.305039,-0.805,0.165,0.045
"2277",-0.3049805,0.004980507,-0.5749805,-0.6649805,0.4950195
"2278",-0.6799805,-0.1500195,-0.6299805,-0.1099805,0.5400195
"2282",-0.455,-0.385039,-0.415,-0.925,-0.615
"2283",-0.41,-0.350039,-0.45,-0.84,-0.84
"2287",0.405,0.144961,-0.245,-1.435,-0.425
"2290",0.025,-0.645039,-0.915,-0.155,-0.805
"2294",-0.43,-0.450039,-0.15,-1.18,-0.12
"2295",-0.7325,-1.042539,-0.5425,-0.1225,-1.1125
"2298",0.43,-0.310039,-0.48,-0.11,-0.16
"2300",-0.06,-0.120039,-0.29,0.55,-0.07
"2302",0.1199902,0.06995125,-0.4200098,0.07999023,-0.07000977
"2303",0.185,-0.205039,-1.195,-0.895,-0.165
"2323",0.1100098,-0.4400292,0.5300098,0.4400098,-0.9299902
"2324",-0.245,-0.595039,0.105,0.165,-0.755
"2326",0.02499023,-0.5850488,-0.5650098,0.4149902,-0.8350098
"2327",0.225,-0.275039,-0.525,-0.425,-0.155
"2328",0.215,0.594961,0.085,-0.365,-0.475
"2330",-0.375,-0.875039,-0.365,-0.465,-0.985
"2332",0.34,0.139961,-0.08,-0.32,-0.18
"2336",0.385,-0.395039,-0.115,-0.355,-1.905
"2339",0.465,-0.635039,-0.275,0.835,-0.015
"2347",-0.1299902,-1.370029,0.02000977,-0.1199902,-0.8799902
"2356",0.35,0.619961,-1.09,-1.56,-0.14
"2357",0.07,0.639961,-0.94,-1.66,-0.35
"2360",-0.245,-0.265039,0.635,0.745,-0.165
"2364",-0.165,-0.115039,0.365,-0.255,-0.235
"2365",-0.365,-0.345039,0.535,-0.365,-0.575
"2369",0.025,-0.675039,-0.335,0.485,-1.165
"2370",-0.03,-0.850039,-0.05,-0.06,-1.41
"2371",-0.27,-0.470039,-0.13,-0.18,-0.7
"2380",0.4649902,-0.4950488,-0.2750098,-0.3550098,-1.00501
"2381",0.5450098,-0.3250292,0.4150098,-0.4749902,-0.5949902
"2385",0.6449902,-0.3850488,-0.1950098,-0.5050098,-1.19501
"2393",0.3050195,0.004980507,-0.1649805,-0.2849805,-1.104981
"2394",-0.3049902,0.05497078,-0.1549902,-0.2449902,0.06500977
"2395",0.4525,-0.07753899,-0.4375,-0.4375,-0.2475
"2404",-0.06,0.249961,0.43,-0.49,-0.59
"2405",-0.15,-1.120039,0.58,-1.46,-1.4
"2406",-0.285,-0.735039,0.815,-1.215,-2.355
"2407",0.6900098,-0.5300292,1.26001,-0.3899902,-1.41999
"2408",-0.03,0.269961,0.02,-0.09,-0.39
"2410",-0.39,-0.07003899,0.66,0.29,-0.34
"2413",-0.115,0.164961,0.315,-0.365,-0.705
"2416",-0.22,0.369961,0.6,-0.03,-0.05
"2417",-0.315,0.104961,0.245,0.365,-0.005
"2418",-0.185,0.134961,0.135,0.005,0.225
"2420",-0.21,0.299961,0.53,-0.45,0.26
"2421",-0.01500977,0.2049512,0.4749902,0.2049902,-0.6750098
"2424",-0.21,0.209961,0.79,-0.68,0.07
"2432",-0.495,0.03496101,0.475,-0.215,-0.465
"2433",0.34,-0.380039,0.64,-0.27,-1.02
"2443",-0.39,0.129961,-0.35,0.14,0.42
"2448",-0.34,-0.110039,0.4,0.27,-0.08
"2451",0.135,0.734961,0.525,0.095,0.725
"2453",0.305,0.324961,0.395,0.055,0.045
"2459",0.11,0.129961,0.3,-0.05,0.82
"2462",-0.555,0.154961,0.815,-0.385,-1.325
"2463",-0.15,-0.05003899,0.29,-0.43,-0.63
"2464",0.195,0.07496101,0.535,-0.545,-0.535
"2467",0.2549902,1.284951,0.3749902,0.5749902,0.3149902
"2469",0.25,0.149961,0.18,-0.51,0.19
"2476",-0.3299805,0.01998051,0.05001949,-0.2199805,0.7300195
"2485",0.1000098,0.6099708,-0.2899902,0.4700098,0.5600098
"2490",-0.04000977,0.3199512,-0.4300098,0.1899902,0.5199902
"2492",-0.105,0.194961,-0.275,-0.215,-0.005
"2496",-0.185,0.334961,-0.075,0.105,-0.875
"2503",0.715,1.084961,-0.525,0.785,1.745
"2505",0.195,0.314961,-0.285,0.275,0.355
"2519",-0.2,0.109961,0.02,0.73,-0.7
"2521",0.195,0.424961,0.385,0.895,0.155
"2525",0.3075,0.617461,0.3775,1.0675,0.4075
"2528",-0.5999902,0.2499708,-0.3499902,0.8400098,-0.2599902
"2529",-0.305,0.554961,-0.535,0.055,0.375
"2530",-0.465,0.344961,-0.975,-0.035,-0.295
"2531",-0.24,-0.06003899,-0.04,-0.15,-0.46
"2532",-0.04,-0.07003899,-0.02,-0.67,2.94
"2533",0.1574902,0.3874512,-0.3425098,0.8874902,0.5974902
"2534",-0.3150098,0.4349512,-0.2350098,-0.4050098,0.1449902
"2535",-0.2750098,0.1249512,-0.07500977,-0.3050098,0.01499023
"2539",-0.02000977,-0.07004875,-0.02000977,0.4499902,-0.6100098
"2540",0.03,0.09996101,-0.29,0.34,-0.03
"2546",0.195,0.374961,0.305,0.305,0.425
"2547",-0.1850098,0.2449512,0.2249902,0.4949902,0.9649902
"2554",-0.04500977,0.2949512,-0.06500977,-0.4750098,0.3549902
"2558",0.135,0.334961,0.065,0.745,0.215
"2564",1.165,-0.845039,-0.115,0.375,-1.335
"2569",0.105,-0.595039,-0.415,0.915,-0.025
"2570",-0.1675,-0.487539,-0.8175,0.2425,-0.8975
"2572",-0.31,-0.340039,0.27,-0.56,-0.13
"2586",0.08501949,-0.005019493,0.5050195,-0.4349805,-1.304981
"2588",-0.005,0.06496101,-0.265,-1.005,-1.015
"2590",-0.14,0.03996101,0.04,-1.32,-0.82
"2591",-0.1700098,0.4499512,0.3199902,-0.5800098,-0.7400098
"2592",-0.385,-0.275039,0.285,-0.485,-0.875
"2594",0.37,0.559961,1.22,0.44,0.42
"2596",0.335,0.324961,-0.045,0.485,0.465
"2597",0.425,-0.04503899,0.575,1.065,0.475
"2598",0.075,-0.05503899,-0.215,0.035,0.155
"2608",-0.535,-0.765039,-0.275,-0.285,-0.275
"2610",-0.745,0.01496101,-0.335,0.165,-0.225
"2612",-0.155,-0.435039,-0.065,0.465,-0.945
"2613",-0.205,-0.575039,-0.035,0.335,-0.155
"2618",-0.3149902,-0.5450292,-0.3849902,0.2950098,-0.7149902
"2619",-0.3499805,-0.1200195,0.4000195,0.7000195,-0.4699805
"2622",-0.31,0.289961,0.14,-0.76,0.74
"2627",0.55,0.129961,0.65,-0.17,-1.17
"2629",0.13,-0.04003899,-1.04,0.27,0.65
"2630",0.4100195,0.009980507,-0.3699805,-1.239981,0.8800195
"2633",-1.14,-0.250039,-0.47,-0.67,0.31
"2636",-0.2999805,0.03998051,0.1900195,-0.1999805,0.3300195
"2637",-0.4075,0.562461,-0.4275,-0.1275,0.4825
"2638",0.0125,0.802461,0.3025,0.6225,0.5525
"2640",-0.735,0.174961,-0.245,0.075,0.275
"2643",0.1200098,0.7899708,0.3400098,0.3700098,0.7600098
"2644",-0.09999023,-0.09002922,-0.2299902,0.4700098,0.5700098
"2645",0.195,-0.08503899,-0.435,-0.345,0.525
"2648",-0.2350098,-0.06504875,0.04499023,0.4149902,0.07499023
"2649",0.11,0.759961,-0.16,0.39,0.99
"2650",-0.21,0.659961,-0.15,-0.54,1.14
"2651",-0.33,0.419961,0.28,0.36,0.68
"2653",0.15,0.749961,-0.44,0.88,0.53
"2657",0.345,0.224961,-0.545,-0.035,-0.185
"2659",0.09,0.769961,-0.14,0.06,-0.01
"2664",-0.05000977,0.1999512,-0.5600098,-0.1000098,0.3099902
"2666",0.01502926,-0.5050097,-0.1349707,-0.3849707,0.005029259
"2669",0.1050098,-0.06502922,0.2750098,-1.26499,-0.1049902
"2670",-0.17,-0.480039,0.28,-1.25,-0.97
"2673",-0.155,0.274961,-0.205,-0.805,0.195
"2674",-0.485,0.154961,0.125,-0.935,0.535
"2675",-0.2749805,-1.025019,-0.7849805,-0.9849805,-0.6849805
"2678",0.15,-0.420039,0.3,0.48,0.61
"2680",-0.04,0.139961,0.04,0.57,0.72
"2683",0.1249902,-0.8450488,-0.7650098,-0.1350098,0.7149902
"2684",-0.335,0.294961,-0.715,-0.635,0.865
"2688",-0.085,0.204961,0.105,-0.725,0.075
"2689",0.09001949,-1.94931e-05,0.1300195,-1.139981,0.1100195
"2690",0.485,0.104961,0.055,-0.155,0.735
"2691",0.2900098,-0.1000292,-0.6999902,-0.6899902,0.06000977
"2694",0.1775,0.617461,-0.3325,-0.0225,0.8575
"2699",-0.175,-0.115039,0.525,0.805,-0.255
"2702",0.2400098,-0.2000292,0.3700098,-0.5699902,-0.8099902
"2704",-0.05499023,-0.1250292,0.5050098,-0.07499023,-1.01499
"2707",-0.42,-0.620039,0.57,-0.07,-0.2
"2710",0.0025,0.03246101,0.4025,-0.2775,-0.6575
"2714",-0.61,-0.07003899,0.01,-0.41,-1.86
"2721",-0.02,-0.180039,-0.22,-0.05,0.36
"2732",-0.4599902,0.1499708,-0.3299902,0.8400098,0.7800098
"2733",-0.4599805,-0.01001949,-0.4499805,0.7200195,0.5800195
"2734",1.01,0.819961,-0.05,-0.47,1.99
"2736",0.62,0.309961,-0.12,0.09,0.64
"2739",0.49,0.07996101,-0.3,-0.22,0.77
"2741",0.17,0.479961,0.12,0.6,0.71
"2743",0.23,0.199961,-0.13,0.5,1.12
"2749",-0.6225,-0.542539,1.6775,0.6875,-0.8425
"2753",-0.025,-0.455039,0.145,-0.535,-0.185
"2755",0.035,-0.695039,-0.165,-0.505,-0.065
"2764",0.435,0.264961,0.235,0.285,1.035
"2765",0.825,0.384961,-0.235,0.035,0.605
"2766",0.17,-0.250039,0.15,0.83,0.59
"2768",-0.22,0.409961,-0.37,-0.35,-0.07
"2770",-0.31,-0.02003899,-0.81,-0.16,0.49
"2772",-0.29,0.009961014,0.16,0.05,0.39
"2773",-0.0725,0.287461,0.3975,-0.1725,1.0175
"2774",-0.665,-0.505039,-0.545,-0.095,-0.155
"2776",-0.02998051,-0.06001949,0.01001949,-0.1299805,0.09001949
"2780",0.24,0.189961,-0.21,-0.32,-1.08
"2781",0.1299902,0.2799512,0.06999023,0.3799902,-0.8400098
"2784",-9.765625e-06,0.3499512,0.1199902,0.4399902,-0.6400098
"2791",-0.185,-0.06503899,-0.095,0.335,0.165
"2793",-0.265,-0.005038986,-0.355,0.645,-0.145
"2794",-0.25,0.239961,-0.4,0.71,0.08
"2795",-0.33,-0.04003899,0.34,0.72,-0.02
"2802",-0.575,0.104961,-0.395,-0.435,-0.065
"2807",0.055,-0.695039,-0.405,-0.315,-0.175
"2815",-0.8499805,0.1399805,-0.4899805,0.5500195,0.2500195
"2821",0.045,-0.275039,-0.365,-0.665,0.175
"2822",-0.06,-0.230039,-0.47,-0.58,-1.06
"2828",0.28,-0.240039,-0.01,0.01,0.03
"2829",0.125,0.124961,-0.065,0.345,-0.035
"2832",0.095,0.334961,0.795,0.615,-0.075
"2833",-0.12,0.01996101,-0.62,-1.09,-0.82
"2840",0.6250098,1.174971,-0.8549902,0.5150098,1.14501
"2841",0.02,0.449961,-0.73,0.39,0.89
"2846",0.1050195,0.7449805,0.2050195,1.615019,0.8350195
"2847",0.01,0.659961,0.24,1.68,0.8
"2851",-0.125,0.194961,-0.205,0.365,0.545
"2852",0.3275,0.367461,-0.2325,-0.1125,0.3275
"2858",-0.4250098,0.8249512,0.1349902,0.7349902,1.12499
"2860",0.445,0.504961,0.355,1.185,0.145
"2861",0.71,0.299961,0.45,0.73,-0.35
"2863",-0.03,0.639961,0.67,1.28,0.17
"2868",0.6899902,0.3599512,-0.2600098,-0.01000977,0.9499902
"2870",-0.2,-0.09003899,-0.58,-0.37,0.17
"2873",-0.5175,-0.107539,-0.9175,0.3525,0.4425
"2874",-0.335,-0.575039,-0.585,0.185,0.335
"2876",0.055,-0.09503899,0.265,0.145,0.235
"2879",-1.47499,-0.8650292,-1.10499,-0.9049902,-1.12499
"2883",-0.415,0.354961,0.395,-0.215,-0.065
"2884",-0.03,1.389961,0.23,-0.28,0.23
"2894",-0.125,0.144961,-0.065,-0.435,-0.205
"2896",-1.2625,-0.682539,-0.2025,-0.8825,-0.1125
"2898",0.24,0.209961,4.336809e-18,0.76,0.23
"2900",0.7250195,-0.2950195,-0.3049805,1.535019,1.115019
"2910",0.54,0.09996101,0.29,0.62,0.5
"2911",0.23,0.009961014,-0.11,0.83,0.46
"2912",0.405,0.374961,0.335,1.005,0.775
"2915",0.035,0.314961,0.465,0.655,0.475
"2918",-0.2725,-0.08253899,0.1475,0.3175,0.4475
"2921",0.345,0.594961,-0.075,-0.175,1.035
"2927",-0.475,-0.525039,0.075,0.435,0.015
"2928",-0.1000098,-0.3100488,0.1599902,0.7199902,0.3799902
"2934",-0.155,-0.135039,0.125,-0.565,0.765
"2935",-0.5649903,0.01497074,0.3750097,-1.68499,0.4050097
"2939",0.5,0.239961,-0.3,0.04,0.42
"2943",1.94931e-05,-0.2500195,-0.009980507,-0.2199805,0.5200195
"2946",0.3050098,0.1049708,-0.07499023,-0.3149902,-0.1349902
"2950",0.24,-0.05003899,-0.16,-1.04,-0.37
"2956",-0.1024805,-0.4225195,-0.1424805,-0.7624805,-0.02248051
"2958",0.275,0.104961,0.505,-0.515,1.455
"2961",0.6150195,0.3549805,-0.2649805,0.4350195,0.1350195
"2966",0.455,1.814961,-0.815,-0.095,1.095
"2972",-0.28,0.519961,-0.21,-0.19,0.52
"2973",-0.025,0.324961,-0.405,-0.215,0.175
"2985",0.235,0.494961,0.395,0.045,0.205
"3001",0.1300195,-0.01001949,-0.3199805,0.1300195,-0.09998051
"3003",0.165,0.394961,-0.095,0.845,0.215
"3010",0.105,0.284961,-0.365,0.735,0.155
"3011",0.12,0.259961,0.27,0.1,-0.5
"3014",0.35,-0.08003899,0.15,0.46,0.16
"3016",1.387779e-17,0.09996101,0.11,0.22,-0.19
"3018",0.285,-0.695039,-0.875,0.185,0.065
"3019",-0.115,-0.185039,-0.155,-0.375,-0.865
"3020",0.1150098,1.124971,-0.004990234,0.2450098,0.6650098
"3021",0.0825,1.122461,0.1325,0.3725,0.8625
"3033",-0.1350098,-0.2450488,-0.4450098,-0.8250098,-0.4150098
"3044",-0.185,0.07496101,-0.225,-0.245,-0.495
"3047",-0.3899805,-1.94931e-05,-0.6699805,-0.8399805,0.1000195
"3049",-0.02,0.789961,-0.88,-0.62,0.75
"3052",-0.01,0.189961,-0.59,-0.55,0.43
"3053",-0.35,0.239961,-0.72,-0.35,0.73
"3059",0.075,0.514961,0.305,0.315,-0.445
"3063",0.3450097,-0.03502926,-0.7449903,-0.8149903,0.2250097
"3067",-0.7,-0.200039,-0.05,-0.99,-0.82
"3068",-0.585,-1.795039,-1.555,-1.405,-0.715
"3069",0.03,-0.750039,-0.75,-0.49,-0.58
"3072",-0.3750098,-0.7150488,-0.5450098,-0.6850098,0.01499023
"3096",0.27,0.129961,-0.08,-0.52,1.14
"3098",0.2599902,0.5799512,0.1899902,-0.4300098,-0.4900098
"3103",-0.0725,-0.06253899,-0.0325,-0.8625,-1.1225
"3104",0.1150195,0.004980507,0.09501949,0.5150195,-0.2649805
"3106",0.31,0.06996101,-0.26,-0.16,0.25
"3113",-0.15,-0.370039,-0.95,-0.01,-0.39
"3118",-0.54,-0.630039,-1.21,-0.63,-0.22
"3121",-0.2300098,-0.06004875,-9.765625e-06,-0.2300098,-0.1500098
"3123",-0.49,-0.440039,-0.61,-0.49,-0.28
"3127",-0.27,-0.230039,-0.37,-0.22,-0.17
"3128",-0.2,-1.090039,-0.82,0.1,-0.32
"3131",-0.185,-0.345039,-0.045,-0.865,1.305
"3132",-0.355,-0.345039,-0.245,0.175,-0.325
"3142",0.4,0.05996101,0.12,0.7,-0.64
"3144",0.08,-0.350039,0.15,0.24,0.21
"3145",0.01500977,-0.6050292,-0.4949902,-0.004990234,0.02500977
"3146",-0.015,-0.305039,0.005,0.035,0.745
"3147",-0.32,-0.580039,-0.12,-0.91,-0.28
"3148",-0.4,-0.450039,-0.12,-0.67,-0.22
"3150",-0.1099902,-0.2500292,-0.4099902,-0.2999902,0.3900098
"3151",-0.2,-0.220039,-0.49,-0.01,-0.72
"3152",-0.185,-0.345039,-0.695,-0.515,-1.325
"3153",-0.285,-0.485039,-0.485,0.025,-0.805
"3154",-0.23,-0.450039,-0.92,-0.17,-0.19
"3156",-0.445,-0.795039,-1.195,0.515,1.305
"3158",-0.01498051,-0.3650195,-0.7649805,-0.4949805,-0.02498051
"3162",-0.3350098,-0.1050488,-0.2050098,-0.2950098,-0.3150098
"3163",-0.07,-0.180039,-0.13,0.02,0.47
"3164",-0.25,0.189961,-0.94,0.19,0.45
"3167",-0.28,-1.080039,-0.48,0.68,-0.05
"3169",-0.145,-0.365039,-1.115,-0.065,-0.145
"3170",-0.215,-0.655039,-1.225,-0.035,-0.295
"3171",0.015,-0.755039,-0.815,-0.265,-0.155
"3172",-0.1825,-1.052539,-0.7025,0.4675,-0.0825
"3173",-0.02498051,0.004980507,-0.7449805,0.07501949,0.01501949
"3175",0.245,-0.345039,-0.995,-1.605,-0.765
"3177",0.355,-0.435039,-0.295,-0.005,-0.675
"3180",-0.51,-0.860039,-0.1,-0.7,-0.54
"3181",-0.265,-0.685039,-0.275,0.365,-0.365
"3183",0.085,0.184961,-0.245,0.605,0.995
"3188",0.5950195,-0.5950195,-0.1049805,-0.1449805,-1.534981
"3190",0.1650195,-0.04501945,-0.8749805,-0.7849805,-0.7449805
"3203",-0.385,0.514961,-0.535,0.815,-0.105
"3207",-0.315,0.174961,0.325,0.485,-0.325
"3214",-0.215,-0.135039,-1.265,-0.545,0.015
"3225",-0.375,-0.855039,0.545,0.145,-0.345
"3226",-0.99,-1.230039,0.11,-1.27,-0.02
"3235",-0.04,0.01996101,0.03,0.38,-0.48
"3241",-0.265,-0.455039,-0.005,-0.125,-0.325
"3267",0.005,-0.225039,-0.005,1.005,0.635
"3268",0.38,-0.380039,0.09,0.82,0.44
"3272",-0.885,-1.535039,1.045,1.205,0.195
"3273",-1.015,-1.055039,0.835,0.605,-0.085
"3275",0.1750098,0.4249708,-0.2649902,0.005009766,-0.9449902
"3282",0.185,-0.105039,-0.105,-0.085,-0.505
"3284",0.07499023,0.1549512,-0.06500977,0.9549902,-0.3050098
"3294",0.175,0.05496101,-0.375,0.195,-0.165
"3295",0.215,-0.03503899,-0.205,0.555,0.165
"3308",0.1850098,0.02497078,0.1950098,0.4150098,0.2050098
"3309",1.17499,0.2849512,-0.3350098,0.1249902,-1.12501
"3312",0.4700195,-1.94931e-05,0.1400195,-0.009980507,-0.2299805
"3314",0.465,-0.715039,0.255,0.545,-0.575
"3322",0.09,0.109961,6.938894e-18,0.61,-0.62
"3323",0.32,0.369961,0.58,0.56,-0.33
"3324",0.21,0.109961,0.59,0.82,-0.51
"3332",0.1800098,0.2899708,0.06000977,0.3200098,0.4300098
"3337",0.02000977,-0.08002922,0.1400098,1.01001,0.1800098
"3338",-0.265,-0.295039,-0.305,0.955,0.495
"3340",0.365,0.144961,0.025,0.515,-0.575
"3343",-0.2300098,0.1999512,-0.1300098,0.3499902,0.5299902
"3344",0.545,0.174961,0.005,0.655,0.605
"3346",0.185,-0.175039,1.005,0.965,-0.015
"3354",0.05,0.129961,0.59,1.92,1.13
"3360",0.1050098,1.094971,0.7250098,0.7050098,0.08500977
"3361",0.29,1.359961,0.24,1.2,0.88
"3364",0.12,0.429961,0.62,0.71,0.17
"3366",0.585,1.014961,0.935,-0.045,0.395
"3376",0.1125,-0.927539,0.2925,-0.7575,0.1825
"3378",-0.29,-0.450039,0.29,-0.43,-0.67
"3386",0.505,0.824961,0.265,0.145,-0.435
"3390",1.01,0.329961,0.3,-0.62,-0.12
"3391",0.5849902,0.6549512,0.2149902,-0.4950098,-1.22501
"3392",0.66,0.02996101,0.61,0.07,-1.14
"3400",-0.0075,-0.707539,0.0525,0.3225,0.6325
"3404",-0.28,-0.450039,-0.45,0.1,0.53
"3408",1.545,-0.255039,-0.055,0.645,0.155
"3412",0.06501949,-0.005019493,0.2750195,0.9750195,-0.05498051
"3413",0.62,0.169961,0.92,0.05,0.9
"3416",0.06499023,-0.2550488,0.09499023,0.004990234,1.04499
"3420",-0.2749903,-0.8350293,-0.6149903,0.7050097,0.1550097
"3424",0.015,0.04496101,0.125,0.085,-0.095
"3427",-0.065,0.394961,-0.175,-0.445,0.035
"3439",0.905,1.024961,-0.285,0.385,1.115
"3445",-0.315,-0.195039,-1.275,-0.105,-2.745
"3447",0.3799902,1.339951,1.17999,-0.7000098,-1.50001
"3449",1.74,1.409961,1.11,0.02,-0.28
"3460",0.48,0.259961,1.82,2.27,-0.75
"3467",0.29,-0.390039,-0.98,1.04,-0.47
"3470",0.005,0.694961,0.555,-0.255,-0.295
"3472",-0.155,-0.985039,-0.305,0.035,0.145
"3473",0.115,-0.725039,-0.425,-0.545,-0.485
"3475",0.555,-0.965039,0.205,0.695,0.135
"3476",0.1850098,-0.6950292,-0.1749902,1.34501,0.4550098
"3478",0.32,-1.250039,-0.25,0.57,-0.19
"3486",0.2475,0.327461,0.2775,-0.3525,-0.1825
"3489",0.5925,-0.647539,-0.5275,0.0125,-0.3775
"3501",-1.52499,-0.9250292,-0.5349902,-1.36499,-0.1049902
"3502",-2.345,-3.555039,-2.275,-1.425,-1.725
"3503",0.47,-0.07003899,-0.23,0.12,-0.21
"3508",-0.3249902,0.04497078,-0.9149902,-0.06499023,-0.7549902
"3509",-0.245,0.334961,-0.175,-0.355,-0.835
"3510",0.215,-0.01503899,-0.395,0.025,-0.215
"3513",0.065,-0.225039,-0.385,-0.095,0.455
"3515",-0.255,-0.01503899,-0.615,1.935,1.585
"3518",-0.635,-0.975039,1.745,2.275,3.875
"3519",-0.015,-0.355039,0.495,0.075,1.455
"3522",-0.3449805,-0.005019493,0.04501949,0.6850195,0.1850195
"3523",-0.285,0.594961,0.685,0.995,1.235
"3527",-0.475,-0.235039,0.205,-0.455,0.505
"3528",-0.075,-0.575039,0.325,0.215,-0.325
"3530",-0.2675,-0.637539,0.3525,0.5525,0.0725
"3533",0.385,1.544961,0.535,0.175,1.125
"3535",0.355,1.724961,0.695,0.665,1.045
"3536",0.3050195,1.204981,0.3950195,0.4950195,0.5550195
"3537",0.5,1.889961,0.58,0.55,1.56
"3538",0.5275,0.407461,0.2475,0.6675,-0.0825
"3542",-0.645,0.414961,0.305,0.625,0.775
"3550",0.18,-3.898621e-05,-0.44,0.59,0.15
"3551",0.2850195,0.01498051,-0.5749805,0.7750195,-0.1149805
"3552",0.375,0.284961,0.005,0.945,0.315
"3556",0.4400195,-0.5600195,0.4100195,0.4800195,-0.5599805
"3557",1.19499,-0.2050488,0.4349902,0.2349902,-0.4350098
"3558",-0.0275,-0.157539,0.0525,-0.7875,-0.7475
"3560",-0.04,-0.280039,-1.2,-1.78,0.17
"3562",0.0975,-0.412539,-0.7825,0.0875,1.0975
"3565",0.56,-0.06003899,0.12,0.69,1.01
"3567",0.415,-0.09503899,-0.185,0.275,-0.225
"3575",0.155,-0.435039,-0.785,0.365,0.915
"3577",0.5149902,-0.1950488,-0.5050098,-0.09500977,-0.07500977
"3583",0.49,0.449961,0.09,-0.66,0.19
"3584",-0.7050098,-0.1650488,-0.01500977,0.3149902,0.1249902
"3590",0.765,1.094961,0.135,0.985,1.225
"3593",0.4150195,-0.1750195,-0.4349805,-0.3849805,-0.004980507
"3596",0.6249902,0.1549512,-0.6950098,0.2049902,-0.2050098
"3598",0.575,0.174961,0.115,0.055,-0.795
"3601",0.515,-0.235039,-0.495,-0.015,-0.035
"3607",0.965,-0.03503899,-0.455,-0.015,-0.305
"3608",0.6699902,0.05995125,-0.1500098,-0.03000977,-0.9200098
"3610",0.925,0.644961,-0.005,0.355,-0.345
"3617",0.05501949,-0.2150195,-0.3349805,0.5650195,1.295019
"3621",0.45,0.119961,-1.03,0.08,1.2
"3624",0.225,0.164961,-0.195,0.125,0.035
"3627",0.59,0.279961,-0.3,-0.23,0.49
"3635",-0.05,0.709961,0.3,0.42,0.74
"3636",0.24,0.719961,-0.16,0.75,0.84
"3638",0.675,0.454961,0.075,-0.115,0.065
"3641",-0.065,0.324961,-0.375,0.275,0.105
"3643",0.2400098,-0.1100292,-0.1999902,-0.09999023,-0.3099902
"3646",0.02,0.209961,-0.61,-0.01,-0.54
"3649",0.415,0.354961,-0.335,0.685,0.085
"3650",0.1,0.05996101,-0.14,0.21,0.63
"3652",0.53,-0.200039,-0.04,0.99,-0.02
"3653",0.18,0.04996101,0.13,0.13,-0.29
"3654",0.46,0.02996101,0.32,-0.03,-0.8
"3655",0.265,-0.495039,0.075,0.575,-0.255
"3656",0.4275,-0.03253899,-0.1625,0.4075,0.2075
"3659",1.65,1.499961,0.51,-0.63,-0.71
"3663",0.04,0.179961,-0.15,0.45,-0.46
"3664",-0.025,-0.415039,0.155,-0.455,-1.285
"3670",0.495,0.824961,0.435,0.985,0.465
"3673",0.42,-0.160039,-0.16,0.5,-0.19
"3675",0.335,0.764961,-0.515,0.425,-0.215
"3676",0.44,0.129961,-0.26,0.96,-0.54
"3680",0.55,0.599961,-1.19,-1.81,1.97
"3686",0.215,-0.315039,0.745,-0.755,-0.015
"3688",0.2450195,0.004980507,0.6850195,0.06501949,0.2050195
"3698",0.105,-0.175039,0.145,-0.495,-0.845
"3701",0.18,-0.310039,-0.77,-1.55,-1.31
"3702",-0.3899902,-0.2500292,-0.4499902,-0.6399902,-0.4899902
"3709",0.145,0.814961,0.075,-0.035,0.305
"3710",0.625,0.704961,0.365,-0.055,-0.185
"3714",0.08,0.649961,-0.74,-0.07,0.41
"3715",0.2049902,0.4249512,-0.6450098,-0.1650098,0.5349902
"3736",-0.58,0.05996101,0.57,-0.77,-0.07
"3742",0.59,0.239961,0.05,0.12,0.25
"3753",-0.004980507,0.2549805,0.4850195,-0.05498051,-0.1349805
"3767",-0.5350098,0.3449512,0.04499023,0.3649902,0.1549902
"3776",-0.1449902,-0.2450292,-0.5649902,0.3850098,-0.6849902
"3779",-0.12,0.639961,-0.6,-0.62,0.31
"3792",-0.9600098,-0.6000488,-0.3500098,-0.2200098,0.4399902
"3793",-1.07499,-0.8350292,-0.3349902,-0.6949902,0.4050098
"3795",-0.445,-0.835039,0.165,0.065,0.505
"3798",-0.1350098,0.1049512,-0.4150098,-0.9950098,-0.2850098
"3799",-0.955,-1.025039,-0.015,0.315,0.035
"3800",-1.055,-0.835039,-0.015,-0.015,0.175
"3803",-0.8975,-0.227539,-0.4875,-0.4975,0.3025
"3807",-0.9025,-0.832539,-0.1725,-0.3525,-0.3625
"3810",-0.88,-0.670039,-0.08,-0.3,0.12
"3811",-0.69,-0.960039,0.06,-0.8,0.41
"3812",-0.9149902,-0.7350292,-0.01499023,-0.4649902,0.2450098
"3813",-0.9275,-0.767539,0.1025,-0.5175,0.0625
"3815",-1.065,-0.545039,-0.045,-0.455,0.225
"3816",-1.055,-0.435039,-0.055,-0.725,0.905
"3818",-0.81,-0.360039,-0.07,-0.97,0.3
"3822",-0.9749902,-0.3350292,-0.5649902,0.2850098,0.3850098
"3826",-3.22501,-0.7450488,0.2449902,0.3849902,0.3649902
"3829",-3.19001,-0.5100488,0.2099902,0.04999023,0.5699902
"3845",-0.395,-0.915039,-0.045,-0.645,0.225
"3848",-0.2,0.129961,1.13,1.2,0.03
"3857",-0.425,-0.765039,0.565,-0.235,-0.245
"3859",-0.17,0.569961,-5.424399e-18,-0.36,-0.46
"3860",-0.07500977,0.1749512,-0.1350098,0.2149902,-0.5350098
"3863",0.2700195,0.009980507,0.06001949,1.410019,0.3200195
"3865",0.515,-0.08503899,0.215,1.375,0.565
"3866",0.615,0.334961,0.565,0.945,0.465
"3868",1.6,-0.700039,-0.35,1.37,1.1
"3869",1.19001,0.8899708,0.3100098,-0.05999023,-0.5299902
"3874",-0.6999805,-0.02001949,0.9800195,-0.2699805,-1.159981
"3882",-0.575,-0.825039,0.985,1.575,-0.145
"3889",0.77,0.189961,0.47,-1.78,0.03
"3891",-0.665,-0.125039,-1.035,0.015,0.705
"3897",-0.2475,-0.557539,-0.9275,0.3225,-0.2975
"3910",-0.015,-0.005038986,-0.415,0.625,0.725
"3921",-0.335,-0.585039,0.145,-0.345,-1.135
"3924",1.31749,0.1474512,-0.2625098,-1.01251,-0.3625098
"3929",-0.285,-0.555039,0.145,0.655,-0.295
"3936",3.155,1.924961,1.895,1.215,-1.215
"3944",0.18,0.319961,0.82,0.72,-1.1
"3945",0.1400098,0.2599708,0.7300098,1.11001,-0.5299902
"3949",-0.22,0.109961,-0.15,-1.17,-1.28
"3964",0.29,0.269961,0.24,-0.35,0.34
"3966",0.015,0.574961,0.445,0.285,1.335
"3967",-0.11,-0.440039,-0.41,0.46,0.25
"3979",0.055,-0.105039,-0.265,-0.595,-1.125
"3982",0.515,0.134961,0.675,-0.355,-0.205
"3991",0.83,0.389961,0.23,0.88,-0.79
"3992",0.635,0.654961,0.325,0.535,-1.215
"3998",-0.1100098,0.6699512,0.9199902,-0.6200098,-0.2300098
"3999",-0.065,0.574961,0.915,-0.625,0.165
"4000",-0.015,0.604961,0.465,-0.265,0.345
"4008",-0.07,-0.190039,0.39,0.44,-0.31
"4011",-0.7,-0.530039,0.17,0.86,-0.37
"4014",-0.335,-0.385039,0.305,-0.315,0.605
"4016",0.01,-0.360039,-0.02,0.65,-0.56
"4017",-0.22,-0.250039,0.66,-0.77,-1.26
"4019",0.2,0.09996101,0.12,0.93,0.45
"4022",-0.05000977,0.3899512,0.6499902,0.3399902,-0.2800098
"4026",-0.1600098,0.09995125,-0.3600098,-0.9100098,-0.2000098
"4034",0.235,0.374961,-0.275,-0.335,0.485
"4045",-0.455,-0.245039,-0.375,-0.065,0.395
"4049",0.07999023,0.05995125,-0.1300098,-0.5900098,1.57999
"4051",0.75,0.619961,-0.41,-0.9,1.22
"4055",0.46,-0.280039,0.74,-0.48,-0.07
"4062",-0.825,-1.345039,-1.675,-1.605,0.195
"4066",-0.5249805,-0.005019493,-1.244981,-0.8449805,-1.084981
"4067",-0.3049805,0.6349805,-0.1049805,0.5350195,-0.9049805
"4072",1.155,2.264961,-0.285,0.865,-0.465
"4083",0.335,-0.145039,-0.145,1.335,-0.475
"4084",0.4,0.04996101,0.59,1.31,-0.15
"4086",-0.475,-0.215039,-1.835,0.985,-0.155
"4088",0.04,-0.180039,0.68,0.7,-0.21
"4093",2.165,-0.145039,0.005,1.815,2.305
"4100",0.535,0.274961,-0.005,0.515,-0.145
"4108",0.055,0.02496101,-0.015,-0.155,0.245
"4124",0.135,-0.255039,0.185,0.565,-0.295
"4128",-0.8225,-0.152539,0.0475,-0.5425,0.2575
"4132",-0.06,0.649961,-0.23,0.71,-0.61
"4135",-0.73,-0.03003899,-0.29,0.37,-0.45
"4142",-0.46,-0.07003899,-0.62,0.83,-0.02
"4147",0.29,0.669961,0.13,0.44,0.64
"4148",0.05,0.689961,-0.23,0.67,0.3
"4150",1.325,0.834961,-0.185,0.805,0.535
"4151",1.51001,0.7199708,-0.4999902,1.01001,0.6700098
"4152",1.005,0.504961,-0.165,0.695,0.405
"4164",0.04,-0.200039,1.355253e-20,-0.14,0.68
"4168",0.11,-0.250039,-0.09,0.38,-0.4
"4172",0.04,-0.09003899,-0.9,-0.99,-1.49
"4185",-0.5250098,0.1349512,-0.4650098,0.4849902,0.3049902
"4188",1.015,0.804961,-0.465,-0.275,0.565
"4189",0.685,0.634961,-0.055,-0.475,-0.915
"4190",-0.3125,-0.532539,0.1175,-0.3825,-0.0825
"4191",-0.04,-0.290039,0.25,-0.39,-0.65
"4193",-0.09,-0.03003899,0.48,-0.39,0.21
"4194",0.22,0.149961,0.39,-1.01,0.89
"4202",0.02,-0.260039,0.29,-0.38,-1.54
"4203",-0.175,0.09496101,0.125,-0.315,-0.155
"4205",0.005,-0.175039,0.035,-0.075,-0.145
"4206",0.125,-0.275039,-0.095,-0.245,-0.125
"4209",0.305,0.364961,-0.285,-0.645,0.025
"4213",-0.7200098,-0.05004875,-1.53001,-1.56001,0.7499902
"4214",-0.5800098,0.1699512,-1.37001,-0.9300098,-0.1000098
"4215",-0.175,0.264961,-0.655,-0.625,-0.065
"4216",-0.42,0.259961,-1.15,-0.46,-0.02
"4218",0.025,-0.06503899,0.475,-0.655,-0.495
"4220",-0.13,-0.280039,-0.73,-0.12,-0.41
"4226",-0.43,-0.280039,-0.25,0.64,0.56
"4231",-0.11,-0.08003899,-0.27,0.1,-0.07
"4232",-0.6025,-0.672539,-0.3225,-0.7225,-0.3425
"4234",-0.4975,-0.357539,-0.3675,0.3925,0.2725
"4237",0.2300195,0.3499805,-0.1599805,-0.5899805,-0.2399805
"4239",0.01,-0.170039,-0.75,-0.01,0.31
"4241",-0.8,-0.610039,-0.63,-0.09,0.2
"4243",-0.6049805,-1.015019,-0.3449805,-1.084981,-2.034981
"4244",-0.7949805,-0.9150195,-0.09498051,-0.8249805,-2.184981
"4249",0.6849902,-0.3550488,0.3449902,-0.5750098,-0.5250098
"4251",1.275,1.004961,0.905,-2.385,-1.705
"4258",0.4400195,0.8599805,0.6800195,0.04001949,-0.02998051
"4267",1.21,0.549961,1.09,1.04,0.75
"4268",-0.215,0.344961,0.055,0.565,-0.105
"4274",0.25,-0.450039,0.37,0.65,0.11
"4283",-0.015,-0.345039,-0.075,-0.235,-0.305
"4286",-0.53,-0.600039,0.19,-0.75,0.13
"4289",0.2100293,-0.04000973,1.020029,0.4900293,1.200029
"4292",0.38,0.449961,0.01,-0.24,-0.01
"4297",1.285,1.664961,0.045,-0.055,-0.265
"4299",0.4525,0.952461,0.1525,0.0825,-0.7475
"4302",0.25,0.369961,-0.26,-0.32,-0.01
"4312",-1.04,-0.420039,-2,-1.15,-1.41
"4316",-0.2299805,-0.2500195,0.01001949,1.210019,-0.3499805
"4321",-0.065,-0.275039,0.565,-1.395,0.065
"4325",-0.01,0.08996101,-0.32,0.76,0.43
"4332",0.1100195,0.02998051,-0.5499805,-0.09998051,-0.1599805
"4337",-0.625,-0.865039,0.275,0.065,-0.395
"4340",1.37,1.009961,0.42,-1.29,1.03
"4341",2.175,1.664961,0.815,-1.435,1.765
"4342",1.97999,2.509951,0.9499902,1.27999,-0.6300098
"4343",2.075,2.144961,0.805,1.375,0.795
"4346",0.445,0.454961,0.775,0.885,0.515
"4349",0.5525,1.332461,0.8725,1.3225,-0.6275
"4353",0.675,0.514961,2.505,0.145,0.725
"4354",1.83,0.999961,3.13,0.24,0.59
"4363",1.29,1.459961,0.07,-0.03,-0.31
"4366",0.005,-0.165039,0.725,0.495,-0.865
"4369",0.015,0.04496101,0.585,-0.015,-1.435
"4370",0.83,0.609961,0.15,0.12,-0.57
"4371",0.135,0.894961,0.735,0.995,-0.695
"4374",1.49,0.529961,0.18,-0.81,-0.28
"4377",1.67,0.769961,-0.35,-0.76,-0.67
"4379",-1.07,-0.870039,-0.91,-0.22,8.348357e-18
"4381",0.975,0.834961,0.515,0.425,1.125
"4382",0.5300098,0.6699708,0.2400098,0.4800098,0.7800098
"4385",0.5700195,0.05998051,-0.7599805,2.180019,0.4200195
"4389",-0.815,0.174961,2.205,0.605,-0.475
"4390",-0.255,0.264961,0.195,1.585,0.065
"4391",-0.315,0.744961,-0.095,0.355,0.375
"4394",0.1349902,-0.5650488,-0.6650098,0.6749902,0.4549902
"4397",0.31,-0.830039,0.06,1.61,-1.59
"4398",-0.09,-0.630039,0.09,2.22,-1.51
"4405",-0.1625,-0.322539,0.3575,-0.6325,0.2775
"4407",0.32,0.719961,0.2,-0.91,-0.86
"4409",0.57,0.119961,0.24,-0.43,-0.47
"4428",-0.135,-0.01503899,0.305,-0.785,-0.735
"4432",0.22,-0.450039,0.48,-0.82,-0.69
"4435",0.35,0.269961,0.73,-0.3,-1.13
"4438",0.795,0.214961,-0.175,-0.375,0.645
"4439",1.63,0.499961,0.14,1.15,0.13
"4440",0.06,0.169961,-0.07,0.7,0.16
"4443",-0.79,-0.220039,0.39,0.44,0.3
"4444",-0.7899902,-0.9100292,0.1900098,0.8000098,-0.06999023
"4445",-3.04501,-3.535049,0.3349902,0.5549902,-0.04500977
"4446",-0.41,-1.400039,-0.38,-0.93,0.56
"4448",1.10499,-3.225049,-2.76501,-0.8550098,-1.43501
"4451",-0.23,0.309961,1.03,-1,-0.73
"4452",-0.115,0.174961,0.755,-0.745,-0.345
"4455",1.16501,2.154971,0.4650098,0.1350098,0.01500977
"4457",0.12,-0.06003899,0.86,-0.12,0.23
"4463",0.1900098,-0.1700292,-0.01999023,9.765625e-06,-0.4799902
"4477",0.06001949,0.05998051,-0.3899805,-0.04998051,-0.1099805
"4480",0.87,0.359961,-0.14,-0.37,-1.61
"4484",-0.74,0.339961,-1.29,0.14,-0.96
"4487",-0.76,-0.320039,0.12,-0.77,-0.99
"4495",-0.205,-0.635039,-0.465,-1.095,-1.085
"4499",0.08000977,-0.05002922,0.8300098,-0.4099902,-0.5999902
"4504",0.23,-0.460039,-0.99,-0.3,0.36
"4508",-0.28,-0.09003899,-0.58,0.69,-0.26
"4509",-0.43,-0.400039,-0.55,0.84,0.5
"4512",0.155,-0.455039,-0.295,-0.315,-0.005
"4520",-0.745,-1.105039,-0.945,0.135,0.135
"4522",-0.42,-0.140039,-0.34,-0.62,-0.36
"4525",-0.36,0.239961,-0.42,0.38,0.16
"4526",0.095,0.03496101,-0.395,-0.165,-0.235
"4531",-0.2899902,-0.3500292,-0.9999902,-0.9099902,-0.4599902
"4532",0.190039,-0.01,-0.969961,-0.969961,-0.439961
"4534",-0.405,0.184961,-0.445,-0.005,-0.075
"4535",-0.47,0.09996101,0.33,-0.14,0.41
"4541",-0.2775,0.192461,0.2325,-0.4875,-0.4775
"4548",0.3099902,0.2099512,-0.1700098,0.009990234,0.1099902
"4551",-0.495,0.794961,0.345,-0.425,-1.565
"4552",-0.635,0.824961,-0.495,-0.605,-1.045
"4553",0.3450098,0.05497078,-0.2049902,-0.7149902,-1.05499
"4554",0.035,-0.195039,0.195,-0.465,-1.035
"4555",0.2,-0.100039,-0.2,-0.46,-1.05
"4557",0.1150098,-0.2450292,0.1950098,-0.01499023,-0.7849902
"4558",-0.215,0.344961,-0.765,-0.155,-1.025
"4561",0.315,-0.395039,0.155,0.015,-0.385
"4563",0.6849902,-0.09504875,-0.3750098,0.5149902,-1.58501
"4570",-0.205,-0.275039,0.395,-0.845,-0.845
"4571",-0.875,-0.415039,-0.395,-0.955,-0.525
"4572",-0.8949902,-0.6450292,-0.8849902,-1.31499,-0.08499023
"4574",-1.635,-1.775039,-1.425,-2.075,-2.275
"4575",-0.545,-0.875039,-0.535,-1.155,-0.785
"4576",-0.2100098,-0.7200488,-0.4000098,-1.01001,-0.7200098
"4577",-0.19,-0.420039,-0.91,-0.3,-0.18
"4590",0.055,0.554961,-0.765,-0.005,-0.465
"4596",1.005,0.154961,-0.105,1.065,-0.005
"4601",0.55,0.809961,0.04,0.02,-0.18
"4602",0.5949902,0.6749512,0.2549902,0.4549902,0.1349902
"4603",0.3,0.589961,-0.1,0.64,0.17
"4611",-0.09,-0.410039,0.39,-0.37,-0.16
"4613",-0.01,-0.410039,0.15,-0.28,-0.07
"4615",0.18,-0.930039,-0.27,0.06,0.54
"4616",-4.336809e-18,-0.650039,-0.13,0.56,0.65
"4617",-0.305,-0.295039,-0.375,0.305,0.415
"4620",-0.3699805,-1.070019,-0.05998051,0.2300195,-0.1699805
"4623",0.49,0.239961,-0.01,-0.48,0.26
"4624",0.59,0.199961,0.08,-0.7,0.4
"4625",0.6950098,0.1949708,0.1150098,-0.4349902,0.8650098
"4627",-0.1100098,-0.3800488,-0.02000977,0.1399902,-0.08000977
"4629",-0.76,-0.680039,0.26,-0.52,-0.66
"4632",-0.33,-0.530039,0.18,-0.21,-0.09
"4633",-0.17,-0.170039,-0.48,0.15,0.61
"4638",0.535,0.194961,-0.135,-0.455,-0.365
"4645",-0.23,0.159961,-0.06,-0.26,-0.13
"4658",-0.235,-0.695039,-1.745,0.495,-0.495
"4664",-0.355,0.284961,0.275,0.005,-0.135
"4671",1.36999,0.6399512,-0.2900098,-1.14001,1.58999
"4672",0.9749902,1.284951,0.5449902,-0.02500977,2.22499
"4675",0.41,0.359961,0.17,-0.67,1.07
"4677",0.3125,0.392461,0.3825,-1.0975,0.0125
"4678",0.695,0.584961,0.165,-0.445,0.465
"4680",0.905,0.424961,-0.095,-0.585,0.815
"4684",-0.2099805,0.4199805,0.06001949,-1.099981,0.4100195
"4685",0.3825,-0.167539,-0.1675,-0.6775,0.8125
"4686",-0.16,-0.01003899,0.21,-0.08,0.11
"4687",0.5750195,0.2049805,-0.03498051,-1.054981,-0.3049805
"4689",-0.05,0.179961,-0.41,-0.49,0.03
"4694",0.93,0.729961,0.24,-0.77,0.77
"4698",2.37,2.069961,-0.22,-0.54,-0.24
"4709",0.72,0.799961,0.08,0.68,0.44
"4721",1.305,2.244961,-0.205,-0.275,-0.185
"4725",-0.1099805,-0.4100195,-0.6199805,-0.09998051,-0.1299805
"4727",0.04,-0.340039,0.19,0.15,0.19
"4728",-0.06000977,-0.3900488,-0.05000977,-0.1500098,-0.07000977
"4734",-0.6950098,0.6449512,0.2249902,-0.1350098,0.2449902
"4738",-0.345,0.114961,0.015,-0.955,-0.485
"4739",-0.87,-0.200039,0.08,-0.17,-0.81
"4740",0.07,-0.140039,-0.06,-0.37,-0.5
"4741",-0.405,0.08496101,-0.285,-0.215,0.045
"4744",-0.5400098,-0.1900488,0.009990234,-0.2300098,-1.33001
"4749",-0.24,0.519961,0.21,0.11,0.04
"4750",-0.1475,0.282461,0.1025,-0.3075,0.5625
"4752",-0.145,0.204961,-0.365,-0.145,0.045
"4761",0.8000098,0.1199708,-0.01999023,0.7500098,0.09000977
"4763",-0.435,0.264961,0.435,0.525,-0.395
"4766",-0.095,0.274961,-0.195,0.355,0.585
"4769",0.92,1.229961,-0.06,-0.11,0.39
"4772",-0.145,-0.135039,0.015,-1.265,-0.675
"4774",-0.5899805,0.05998055,0.6600195,-0.009980469,0.4300195
"4778",0.635,0.494961,0.215,0.455,0.245
"4785",0.1999902,0.7399512,0.4699902,0.1399902,0.4799902
"4787",-0.11,-0.160039,-0.58,-0.37,0.01
"4793",0.01499023,-0.3350488,-0.2250098,-0.1650098,0.1049902
"4797",-0.695,0.454961,0.285,-0.485,-0.435
"4801",0.105,-0.285039,-0.175,-0.385,0.165
"4806",-0.0375,0.132461,0.4225,0.0425,-1.7975
"4830",0.265,0.424961,-0.225,1.065,1.285
"4836",-0.2925098,-0.2325488,0.1874902,-0.5325098,0.6574902
"4837",0.015,0.134961,0.805,-0.995,1.045
"4838",0.1750195,0.2949805,0.2650195,-0.8649805,0.4950195
"4842",0.52,-0.660039,-0.12,0.09,1.13
"4848",0.1650195,0.2249805,-0.08498051,-0.2249805,1.325019
"4854",-0.235,-0.05503899,0.015,-0.575,-0.105
"4855",0.1100195,0.1499805,-0.1299805,-0.4199805,-0.2599805
"4862",0.1450195,-0.1550195,-0.1649805,-0.3149805,-0.2549805
"4863",0.3649902,0.02495125,0.1949902,-0.08500977,1.08499
"4864",0.435,0.184961,0.615,-0.845,0.345
"4870",0.295,0.454961,-0.245,-0.965,0.295
"4871",0.1650195,0.3049805,-0.3149805,-0.9549805,-0.4949805
"4875",0.17,0.579961,-0.27,0.4,-0.51
"4876",0.275,0.654961,0.305,0.445,0.175
"4877",-0.33,-0.840039,-0.06,0.43,0.38
"4881",-0.59,0.139961,0.4,-1.27,-1.7
"4894",-0.39,-0.03003899,0.45,-0.04,-0.85
"4896",-0.505,-0.645039,-0.175,-0.445,0.435
"4897",-0.91,-0.690039,-0.19,-0.52,-1.08
"4902",0.03499023,-0.3750488,0.05499023,-0.6650098,0.6449902
"4906",0.425,0.434961,-0.155,0.425,0.755
"4910",-0.5199805,-0.01001949,0.6900195,-0.5699805,0.9600195
"4913",0.3949902,0.5849512,0.03499023,-0.1850098,-0.1850098
"4914",-0.3899805,-1.94931e-05,0.09001949,-0.2499805,-0.3299805
"4917",0.325,-0.145039,0.075,0.515,0.905
"4924",0.275,0.564961,0.785,-1.275,-0.715
"4926",0.3949902,-0.5350488,0.06499023,-0.6750098,-0.5850098
"4935",-0.6949805,0.004980507,-0.9549805,-1.004981,-0.6649805
"4938",-0.1299805,-1.94931e-05,0.2800195,0.2200195,-0.04998051
"4943",0.565,0.844961,-0.035,0.825,-0.525
"4956",0.93,0.549961,-0.16,0.01,-0.47
"4961",0.32,0.149961,0.11,-1.03,0.15
"4966",0.1100098,0.6599708,-0.3799902,0.1500098,0.1600098
"4970",0.255,0.874961,-0.075,-0.195,0.955
"4974",-0.1649902,-0.4950292,-0.08499023,2.36501,0.3050098
"4975",-0.03499027,-0.01502926,0.08500973,0.5050097,0.4150097
"4978",0.535,0.814961,0.805,1.155,0.385
"4984",0.17,1.229961,0.23,1.12,0.65
"4985",0.535,0.444961,0.245,0.535,0.595
"4989",0.775,0.874961,0.125,-0.785,1.665
"4990",0.075,0.314961,-0.195,-0.435,1.505
"4995",0.3700098,0.1299708,0.3100098,0.2200098,0.6400098
"4996",0.2075,-0.232539,0.0575,1.0175,0.5975
"4999",0.6600195,0.2299805,0.07001949,-0.03998051,0.4000195
"5005",0.405,-0.155039,0.305,-0.615,0.615
"5007",0.54,0.409961,0.63,0.33,2.01
"5009",0.715,0.604961,-0.145,-0.425,0.485
"5010",0.585,0.754961,0.005,-0.385,0.785
"5013",0.775,0.454961,0.515,-0.325,0.755
"5014",0.78,0.889961,0.16,-1.35,1.1
"5018",0.44,0.809961,-0.35,-0.14,1.3
"5019",0.38,0.699961,0.18,1.09,1.6
"5021",1.265,0.204961,0.085,-0.265,0.825
"5025",0.1100098,0.1699708,0.1200098,0.04000977,0.6700098
"5026",-0.02,0.489961,0.47,-0.28,-0.15
"5027",0.04749023,-0.7825488,-0.2225098,0.1874902,-0.3725098
"5033",0.2449902,-0.7150488,-0.7650098,0.1749902,1.06499
"5034",-0.5899902,-0.7800292,-0.5999902,0.4700098,1.45001
"5036",0.2700098,-0.02002922,-0.1799902,0.04000977,0.7500098
"5044",-0.435,0.09496101,0.075,-0.835,2.805
"5049",0.465,0.01496101,0.745,0.685,4.155
"5050",-0.09748051,-0.2575195,0.1125195,-0.2674805,2.762519
"5067",-0.5000098,-0.1800488,-0.1800098,0.3899902,0.1999902
"5070",0.625,0.304961,0.015,-0.105,1.465
"5071",0.745,0.354961,-0.005,0.795,0.815
"5072",0.18,-0.180039,3.469447e-18,-3.469447e-18,-0.06
"5079",0.07498047,0.2549415,0.4649805,0.9149805,1.37498
"5089",0.705,-0.345039,-0.015,0.025,0.555
"5092",1.22751,0.7274708,1.10751,2.50751,1.02751
"5096",0.285,0.174961,0.135,0.815,-0.115
"5097",0.205,0.314961,0.085,0.485,-0.285
"5099",0.1850195,0.1749805,-0.3649805,0.7150195,0.2550195
"5105",-0.1125,0.467461,-0.1925,0.5375,0.6375
"5106",0.565,0.494961,0.415,0.425,0.155
"5109",-0.03498051,0.1949805,-0.1449805,0.8050195,1.115019
"5119",0.03,0.489961,0.94,1.49,-0.17
"5120",-0.04998051,-1.94931e-05,0.5600195,0.8400195,0.5100195
"5121",0.3600098,0.2199708,0.8800098,0.8600098,0.8900098
"5122",0.1700195,0.2699805,1.040019,1.94931e-05,-0.2199805
"5125",-0.16,0.429961,0.65,-0.04,-0.56
"5128",0.05,0.229961,-0.08,-0.03,0.66
"5129",0.1525,-0.02753899,0.3625,0.4125,0.7025
"5131",-0.295,0.134961,-0.005,0.145,0.555
"5132",0.2250195,0.6849805,0.5050195,0.3950195,0.6750195
"5140",0.57,1.249961,-0.11,-0.68,-0.22
"5141",0.4,1.829961,0.71,-0.17,0.91
"5148",-0.1799903,0.03997074,-0.1199903,0.07000973,-0.1299903
"5154",-0.045,0.584961,-0.155,1.615,0.645
"5157",-0.425,0.334961,-0.885,-0.245,-0.205
"5163",0.28,-0.500039,-0.37,0.2,0.39
"5166",0.6100098,0.7999708,0.2500098,0.6000098,0.4100098
"5167",0.815,0.464961,-0.195,0.615,1.355
"5168",0.6800098,0.6399708,0.2800098,0.5500098,0.4600098
"5170",0.4099902,0.3899512,0.3799902,-0.1200098,0.3999902
"5172",0.9250195,0.5749805,0.4550195,0.1550195,-0.06498051
"5173",1.265,-0.06503899,-0.005,0.595,-0.405
"5175",0.3449902,-0.05504875,-0.02500977,0.3149902,0.07499023
"5178",0.3099902,-0.2900488,0.5299902,0.09999023,0.01999023
"5180",-0.355,-0.135039,0.895,0.835,0.415
"5184",-0.365,0.314961,0.375,0.155,0.555
"5188",-0.2099902,0.07997078,0.03000977,-0.2199902,9.765625e-06
"5193",0.155,-0.05503899,-0.285,0.535,0.365
"5194",-1.73,-2.710039,0.28,0.98,0.84
"5202",-0.54,0.279961,-0.2,-0.03,0.18
"5206",-0.32,0.169961,-0.13,-0.37,-0.49
"5207",-0.01,0.249961,0.27,0.11,-0.11
"5208",0.205,-0.335039,-0.525,0.595,0.595
"5218",0.245,0.294961,0.455,-0.525,-0.335
"5219",0.145,-0.06503899,0.555,-0.455,-0.005
"5221",0.86,-0.02003899,0.14,-0.94,0.51
"5227",-0.575,-0.325039,0.835,-0.775,0.525
"5230",-3.47,-2.000039,1.23,0.71,1.72
"5234",-3.25999,-4.180029,-0.7799902,0.9400098,0.8000098
"5235",-0.255,-0.235039,-0.165,0.795,-0.005
"5236",0.14,-0.100039,0.1,-0.74,0.23
"5240",-1.17501,-0.4250488,-0.2550098,0.1849902,-0.06500977
"5241",0.2750195,0.004980507,0.01501949,0.6050195,-0.08498051
"5248",0.09499023,-0.01504875,-0.4550098,-0.2650098,0.4949902
"5266",-0.42,0.639961,0.13,0.77,0.17
"5273",1.005,1.054961,1.865,0.405,-0.275
"5274",1.055,0.294961,2.475,0.185,-0.155
"5276",2.025,0.524961,3.585,0.955,0.015
"5280",-0.2349805,-0.2550195,0.3250195,0.5750195,0.1950195
"5282",-0.08000977,0.05995125,0.1399902,0.4699902,0.05999023
"5285",-0.415,-0.145039,-0.195,0.845,-0.675
"5291",0.1,-0.620039,0.01,-0.45,-1.2
"5296",0.38,-0.350039,0.27,-0.3,-0.19
"5301",-0.44,0.599961,0.16,-1.7,0.34
"5304",0.53,0.549961,0.71,-0.27,0.29
"5305",0.885,1.014961,1.705,-0.315,0.485
"5308",0.575,1.154961,0.335,1.065,0.515
"5310",0.315,0.07496101,0.235,-0.355,0.495
"5315",-0.0775,0.842461,1.0425,-1.4275,0.0325
"5316",-0.215,0.704961,0.795,-1.465,-0.135
"5319",-0.83,-1.320039,0.42,0.59,-0.1
"5320",-0.5200098,-1.140049,0.9799902,-9.765625e-06,0.3799902
"5321",0.03500977,-0.06502922,-0.2849902,0.1650098,0.005009766
"5323",-0.7925,0.02746101,-0.2125,0.1775,-0.3625
"5340",-0.3300098,0.5999512,0.1799902,0.2599902,0.4299902
"5341",0.5275195,-0.07251949,0.5375195,-2.212481,-0.3124805
"5342",0.295,0.154961,0.525,-1.165,0.035
"5346",-0.13,-0.440039,-1.3,-1.04,-0.75
"5350",-0.305,0.344961,0.185,-0.375,-0.355
"5352",-0.1,0.07996101,0.01,-0.01,-0.93
"5355",0.555,-0.505039,0.105,-0.095,-0.715
"5356",-0.205,-0.195039,0.505,-0.125,0.005
"5358",-0.1300098,-0.4300488,0.3099902,0.7199902,-0.5700098
"5361",0.495,0.434961,1.675,0.895,0.495
"5371",-0.015,-0.145039,-0.565,0.745,0.515
"5375",-0.135,0.824961,1.075,1.885,0.405
"5381",-0.4999902,-0.8900292,0.2900098,0.7300098,-0.9799902
"5390",-0.4625,0.537461,0.0075,1.5275,-2.3125
"5395",-0.325,-0.365039,0.065,0.305,0.255
"5404",-0.04,0.01996101,0.51,-0.37,-0.59
"5405",0.26,-0.230039,-0.15,0.32,-0.83
"5407",0.03,-0.05003899,0.2,0.17,1
"5411",-0.425,0.504961,1.175,1.925,-0.085
"5421",-0.3899805,-0.1100195,-0.1699805,0.01001949,0.01001949
"5426",0.9449902,0.1849512,0.5549902,-0.6050098,0.7849902
"5427",0.505,0.644961,0.415,-0.355,-0.195
"5439",-0.03498051,-0.2150195,0.5050195,-0.4349805,0.2850195
"5445",0.425,0.414961,0.215,-0.495,0.135
"5446",-0.6225,-0.162539,0.3175,-0.6825,0.4575
"5450",0.9899902,1.579951,0.4599902,-0.5500098,-0.1800098
"5452",0.835,1.084961,0.255,-0.275,-0.595
"5453",0.82,1.449961,0.33,-0.58,-0.66
"5454",0.735,1.194961,0.205,0.005,0.185
"5456",0.695,0.844961,-0.115,-0.445,0.335
"5460",0.3499902,-0.1500488,1.14999,0.8799902,0.06999023
"5464",1,0.329961,2.09,1.5,0.91
"5466",1.075,0.584961,0.305,0.915,0.475
"5469",2.255,1.374961,0.895,-0.135,0.125
"5470",1.685,1.304961,0.845,0.555,1.635
"5487",-0.3549902,0.2349708,0.5650098,0.2850098,0.3750098
"5490",1.685,2.014961,-0.145,-2.455,-2.325
"5491",0.4850195,0.4049805,-0.7949805,-1.274981,-0.08498051
"5492",-0.05,0.529961,-0.84,-0.85,-0.15
"5497",0.615,0.114961,0.805,0.275,0.135
"5502",0.25,0.479961,1.17,0.71,-0.6
"5507",-1.54999,-2.480029,0.5200098,0.5500098,1.59001
"5515",-0.4349902,-0.3550292,0.005009766,1.25501,0.5650098
"5516",-0.145,-0.445039,-0.015,1.255,0.445
"5523",0.665,0.434961,1.565,1.855,1.115
"5530",-0.065,-0.485039,0.955,0.425,1.955
"5532",-0.2849902,0.7449708,0.1550098,0.005009766,1.13501
"5534",-0.06,0.559961,-0.01,1.29,1.35
"5545",1.135,1.284961,1.095,0.205,-0.215
"5546",0.88,1.539961,1.06,-0.05,-0.72
"5548",1.16,1.369961,0.88,0.71,-0.2
"5551",0.37,1.489961,0.73,0.89,0.12
"5553",0.44,0.769961,0.19,0.61,0.45
"5554",0.09001949,0.05998051,1.110019,-1.289981,1.510019
"5556",2.3375,1.397461,3.5375,-0.5025,3.3875
"5559",0.33,0.129961,-1.38,-0.81,1.55
"5576",0.275,0.864961,1.695,-0.945,-0.665
"5578",0.885,0.554961,0.415,1.525,-0.045
"5579",0.475,0.434961,0.225,1.845,-0.455
"5581",-0.2350098,0.2649512,0.6949902,-0.5650098,0.05499023
"5584",-0.11,-0.160039,0.31,-0.49,0.17
"5586",3.065,0.684961,3.325,4.765,0.645
"5589",1.045,0.524961,0.945,0.895,-1.205
"5593",-0.455,0.274961,-0.175,0.405,0.915
"5594",-0.03000977,0.4399512,-0.2000098,0.3799902,0.9799902
"5595",-0.02,1.059961,-0.13,0.02,1.05
"5598",0.05,0.159961,4.87891e-18,-0.43,0.34
"5601",0.3450195,0.8149805,-0.1949805,1.185019,0.4550195
"5603",0.05,0.889961,0.1,0.78,0.47
"5604",0.295,0.684961,-0.155,0.795,0.075
"5607",-0.355,0.844961,0.085,-0.545,1.135
"5608",0.58,0.589961,-0.02,-0.01,0.57
"5609",0.63,0.609961,-0.19,0.18,0.65
"5610",0.57,0.829961,-0.15,0.34,0.98
"5611",0.565,0.544961,-0.025,0.785,0.995
"5616",-0.3,0.679961,-0.07,0.89,0.64
"5619",1.315,1.604961,0.555,1.065,1.085
"5621",0.065,0.664961,-0.685,0.215,0.235
"5622",0.6599902,0.9099512,-0.6700098,0.7199902,0.6199902
"5623",1.00999,0.9199512,-0.4000098,0.2999902,0.2599902
"5626",0.04000977,0.2199708,-0.05999023,-0.03999023,1.05001
"5629",-0.125,0.554961,0.185,0.485,1.515
"5630",1.16,0.319961,-0.26,0.92,1.43
"5636",-0.305,0.484961,0.065,0.275,0.115
"5644",1.045,0.854961,0.345,1.475,0.215
"5645",-0.195,0.704961,0.845,0.685,0.045
"5651",1.115,1.444961,0.005,0.395,0.345
"5656",0.09501949,0.02498051,0.08501949,0.1250195,1.105019
"5662",0.25,0.09996101,0.46,0.68,0.15
"5664",-0.115,-0.645039,0.135,2.285,0.115
"5665",0.7099902,1.219951,0.3199902,1.14999,0.2999902
"5669",-0.36,-0.340039,-0.09,0.33,1.3
"5672",-0.55,-0.04003899,0.07,0.29,0.48
"5676",1.76499,4.084951,-0.1050098,1.73499,1.14499
"5681",0.04,-0.120039,-0.01,0.61,0.42
"5683",0.66,-0.800039,0.01,1.24,1.46
"5697",2.16999,2.849951,2.70999,2.18999,0.9599902
"5699",0.725,1.124961,0.185,1.315,0.345
"5700",0.305,0.474961,-0.075,1.695,0.015
"5701",2.215,0.274961,1.685,2.545,2.085
"5704",-0.1699805,0.05998051,-0.8299805,3.700019,0.4600195
"5708",-0.27,-0.02003899,-0.13,2.39,0.11
"5711",0.69,0.209961,1.28,2.51,0.35
"5714",1.475,0.924961,1.995,3.005,1.405
"5715",0.71,0.769961,1.6,2.49,0.87
"5718",-0.21,0.239961,1.5,3.23,1.52
"5721",2.79,1.629961,1.92,2.86,0.88
"5725",1.72499,1.214951,2.39499,1.49499,0.1649902
"5728",0.795,-0.375039,1.505,2.085,0.435
"5740",1.2,-0.08003899,5.20417e-18,1.89,-0.09
"5742",1.12,0.649961,1.03,0.95,0.64
"5744",0.9399902,0.5899512,1.08999,1.58999,1.33999
"5746",1.22,0.909961,1.01,1.82,1.05
"5749",1.13,0.389961,0.49,1.18,0.19
"5750",1.68,0.559961,0.41,0.8,0.43
"5754",-0.2349902,-0.4950292,0.1250098,0.2450098,-0.9749902
"5762",1.325019,-0.01501949,1.365019,-0.8449805,0.6450195
"5763",1.465,-0.395039,1.225,-0.685,-1.215
"5767",0.13,0.06996101,-0.46,1.17,0.76
"5773",-0.08,-0.04003899,1.25,1.36,0.12
"5774",0.14,-0.05003899,0.03,1.02,-1.68
"5777",0.24,0.699961,0.27,0.5,-0.84
"5778",0.675,0.954961,1.045,0.115,-0.865
"5781",-0.6599805,-0.8900195,0.2000195,0.7200195,-0.3699805
"5783",0.115,0.344961,1.055,-0.345,0.495
"5784",-0.025,0.624961,0.345,0.105,0.085
"5788",0.3450098,0.8249708,0.5350098,-0.06499023,0.5450098
"5789",-0.415,0.284961,0.105,0.185,0.605
"5791",0.4200195,0.6199805,0.5600195,-0.4699805,0.01001949
"5793",-0.06499023,-0.1950292,-0.1049902,0.6650098,1.04501
"5794",-0.1300098,-0.1200488,0.1899902,0.3599902,0.7199902
"5796",-0.6150098,-1.025049,0.6849902,-0.1250098,-0.3550098
"5797",0.08501949,-0.03501949,0.6650195,1.395019,2.075019
"5802",0.16,0.969961,0.93,-0.02,-0.06
"5803",1.40999,2.069951,3.78999,3.48999,1.34999
"5815",0.3000098,0.4299708,0.2000098,0.1900098,1.66001
"5816",-0.135,-0.185039,0.095,0.795,1.195
"5819",0.3975,0.467461,0.5975,-0.3925,0.1275
"5820",0.035,-0.505039,-0.245,1.035,1.705
"5821",-0.065,-0.375039,-0.055,1.495,1.715
"5822",-0.5050098,-0.4250488,0.02499023,2.03499,2.30499
"5824",0.085,-0.445039,-0.025,1.985,1.955
"5832",1.40999,1.619951,0.5499902,-0.2400098,0.9899902
"5837",2.23498,2.814941,2.00498,1.59498,0.3749805
"5838",2.43,3.389961,2.63,3.47,1.65
"5844",1.56,1.109961,1.34,1.46,2.91
"5847",1.455019,1.004981,0.9850195,0.9750195,1.515019
"5849",1.14999,1.849951,2.43999,0.5799902,0.6499902
"5850",0.4449902,1.194951,1.86499,0.8749902,1.08499
"5851",0.315,0.04496101,0.235,0.725,0.565
"5852",0.385,-0.01503899,-0.105,0.655,0.945
"5853",-0.07,-0.03003899,-0.2,0.85,0.94
"5855",-0.275,-0.225039,-0.155,0.625,0.335
"5859",0.285,0.174961,0.405,0.025,0.265
"5861",0.2,0.219961,0.64,-0.06,-0.73
"5862",0.1150195,0.02498051,0.4250195,0.06501949,-1.114981
"5863",-0.005009766,-0.3850488,-0.05500977,-0.2150098,1.22499
"5865",0.035,0.814961,0.605,-0.265,2.065
"5866",1.415,2.134961,0.925,2.245,1.175
"5867",1.66499,2.404951,1.51499,2.09499,1.78499
"5872",0.045,0.874961,1.445,1.615,2.405
"5875",0.04999023,0.6699512,1.14999,1.36999,-0.5900098
"5876",-0.1249902,0.2049708,0.6150098,0.08500977,-0.2749902
"5881",1.00998,0.6899415,0.07998047,1.03998,1.34998
"5885",-0.01,0.469961,0.43,0.7,-0.08
"5887",-0.3450098,0.2249512,0.07499023,0.05499023,-0.03500977
"5890",0.25,-0.200039,0.72,-0.16,0.51
"5892",0.3900098,-0.2100292,0.6900098,-0.1699902,0.4000098
"5893",-0.37,-0.08003899,0.5,0.19,0.13
"5895",0.1150195,-0.06501949,-0.09498051,1.365019,1.045019
"5896",-0.01,-0.370039,-0.31,1.08,1.39
"5897",0.805,1.444961,-0.315,0.735,0.275
"5898",0.655,0.814961,1.835,1.595,1.415
"5900",0.2,0.909961,0.91,0.75,2.01
"5903",-1.035,0.674961,1.085,0.045,1.145
"5909",0.95,1.189961,1.49,1.09,0.78
"5912",0.95,0.239961,0.48,1.26,2.15
"5913",0.245,0.514961,0.015,2.935,2.225
"5914",1.6,2.359961,0.71,1.74,0.8
"5917",1.540019,1.309981,0.3800195,1.890019,2.130019
"5918",1.280019,1.269981,0.1000195,1.380019,1.570019
"5919",0.885,0.784961,0.945,1.005,1.295
"5921",1.065019,1.424981,2.075019,-0.9349805,-0.5749805
"5924",0.745,0.554961,1.095,-0.195,-1.065
"5927",0.325039,0.035,0.185039,-0.374961,0.515039
"5928",-0.03,-0.04003899,-1.14,0.06,0.31
"5929",0.76,0.299961,-0.02,0.6,0.57
"5932",0.905,0.954961,0.265,0.035,-0.005
"5933",-1.05,-0.260039,1.19,1.23,0.35
"5936",0.63,1.379961,1.61,0.04,1.45
"5939",0.775,2.024961,2.415,0.275,1.975
"5945",0.64,0.109961,1.78,2.8,2.08
"5947",0.9,1.239961,1.24,2.84,1.55
"5949",0.055,0.184961,0.305,2.595,-0.095
"5953",0.4325,0.652461,0.2325,0.2025,0.0425
"5955",0.195,-0.305039,-0.105,0.405,-0.065
"5959",0.225,-0.155039,1.035,1.675,0.545
"5960",1.47,0.259961,1.71,0.87,1.43
"5961",0.8800195,0.05998051,1.310019,0.4700195,0.6900195
"5962",-0.025,0.274961,1.015,-0.015,1.015
"5965",0.49,0.339961,-0.51,1.02,0.27
"5968",0.18,0.299961,0.03,0.94,0.61
"5975",1.56,0.689961,0.88,1.19,0.43
"5983",-0.62,-0.170039,0.15,-0.47,0.14
"5985",0.255,1.044961,0.235,0.665,0.865
"5986",-0.31,0.08996101,0.22,1.12,0.69
"5989",0.35,0.929961,0.85,-0.27,0.19
"5994",-0.325,-0.07503899,1.015,1.005,-0.685
"5999",-0.1525,-0.212539,-0.0025,-0.8825,1.1775
"6000",-0.12,0.199961,0.15,0.2,1.36
"6001",0.02,0.04996101,0.25,0.35,0.86
"6004",0.5200293,0.009990273,0.8000293,0.9200293,-0.09997074
"6010",-0.005,-0.07503899,1.125,0.785,0.715
"6014",0.53,1.209961,0.1,0.04,0.09
"6015",1.26,0.839961,1.02,-0.92,0.04
"6020",-0.1499902,0.6399708,0.5000098,0.7500098,0.8800098
"6024",-0.95,-0.850039,0.21,-0.76,-0.54
"6026",0.6399902,0.4299512,0.3399902,-0.3700098,0.1699902
"6029",-0.53,0.569961,0.4,-0.23,-0.95
"6030",0.0025,0.03246101,0.1225,0.9625,0.4325
"6031",-0.02,0.07996101,-0.46,0.21,0.01
"6036",-0.49,0.03996101,-0.72,0.12,0.57
"6037",-0.36,0.559961,-0.21,0.13,0.81
"6043",-0.52,-0.150039,-0.42,-0.79,1.06
"6044",0.01,-0.09003899,-0.09,0.1,0.36
"6053",0.52,0.719961,1.04,1.32,1.3
"6054",0.43,0.899961,1.1,0.74,1.02
"6055",0.3350195,0.7249805,1.185019,0.9250195,1.085019
"6056",-6.938894e-18,0.02996101,-0.36,0.41,0.57
"6059",1.51,0.939961,0.75,-0.64,0.08
"6060",0.8099902,0.9199512,0.8999902,0.02999023,0.7699902
"6061",-0.05999023,-0.2100292,0.3200098,0.2700098,1.05001
"6062",0.3200098,-0.3700292,1.16001,1.10001,-0.2899902
"6063",1.28,0.699961,0.96,1.4,0.02
"6064",1.33,0.709961,0.68,1.46,0.08
"6069",0.26,-0.05003899,0.04,1.85,0.54
"6070",-0.21,0.499961,-0.32,0.27,1.22
"6072",-0.7899902,-0.7800292,0.2600098,0.8500098,0.04000977
"6075",-0.01,1.539961,0.2,-0.73,-0.47
"6078",-0.69,-0.210039,-0.6,-0.67,0.6
"6079",-0.4899903,-0.2900293,-0.4799903,-1.08999,0.4800097
"6081",-0.7099805,-0.6200195,0.4600195,-0.2099805,0.4500195
"6092",0.3149902,0.7749512,0.5349902,-0.09500977,0.5949902
"6097",0.015,-0.05503899,-0.415,0.145,0.405
"6103",-0.215,0.08496101,0.135,0.125,1.895
"6105",0.3899902,0.1099512,-0.1600098,1.26999,1.56999
"6107",0.205,1.034961,0.265,0.345,0.155
"6109",0.385,0.794961,0.625,1.055,1.015
"6110",0.42,0.819961,0.39,1.16,1.08
"6112",0.71,1.019961,0.58,1.56,0.9
"6113",0.26,0.499961,0.32,1.47,0.42
"6119",0.17,0.949961,0.7,0.89,1.5
"6120",-0.1800098,0.7899512,0.7399902,0.3699902,1.99999
"6121",-0.02498051,0.7849805,0.6650195,0.5650195,1.775019
"6124",0.82,-0.03003899,0.73,2.61,0.69
"6131",1.010019,0.6799805,0.3700195,0.6500195,0.8700195
"6134",-0.3599805,-1.380019,-0.7499805,2.360019,0.06001949
"6135",-0.635,-1.225039,-0.975,1.465,0.275
"6136",0.015,-0.125039,-0.315,0.055,0.585
"6138",-0.02,0.439961,0.24,0.05,0.61
"6141",1.05001,1.359971,0.4400098,-0.4699902,-0.2499902
"6144",-0.4,-1.040039,0.39,0.2,0.05
"6147",0.7700195,0.02998051,1.550019,2.470019,2.000019
"6148",-0.275,-0.175039,0.905,2.655,3.085
"6151",0.145,-0.655039,1.695,3.635,3.955
"6152",-0.2650098,-0.3350488,1.79499,3.59499,4.20499
"6154",-0.12,-0.280039,1.02,2.91,3.3
"6155",-0.22,-0.750039,0.69,2.32,2.47
"6157",-0.185,-0.575039,1.005,2.655,2.745
"6159",-1.065,-1.225039,0.105,1.525,1.745
"6160",-0.9249805,-0.7150195,0.005019493,1.135019,1.295019
"6162",-0.58,0.319961,0.27,1.29,1.59
"6164",-0.22,0.219961,-0.13,0.71,0.5
"6170",0.7250098,-0.1550292,1.17501,1.24501,-0.1949902
"6173",0.095,0.494961,0.395,0.765,1.765
"6174",-0.13,0.07996101,-0.41,0.09,1.41
"6176",-0.145,0.564961,0.215,-0.485,1.205
"6177",1.36,0.969961,0.35,0.94,1.88
"6179",0.845,1.134961,0.555,0.775,0.615
"6181",-0.105,-0.885039,-0.125,0.205,0.385
"6182",-0.545,-0.375039,-0.455,-0.295,-0.095
"6185",0.385,1.024961,0.015,0.815,1.225
"6187",0.0825,0.07246101,0.6525,-0.3275,-0.7675
"6189",0.015,-0.01503899,-0.615,-0.325,-0.255
"6190",0.1,0.399961,-0.91,-0.07,-0.05
"6192",-1.2,-0.870039,0.33,-0.05,-0.15
"6193",-0.8349902,-1.455029,0.6150098,-0.2749902,-0.4449902
"6195",0.2850195,-0.1950195,-0.04498051,-0.8249805,-0.4949805
"6206",-0.55,0.159961,0.55,1.1,0.86
"6219",-0.1100098,0.1499512,0.7099902,-0.1300098,0.5099902
"6229",-0.34,0.209961,0.06,0.75,0.34
"6230",-0.46,0.119961,-0.06,0.78,0.3
"6233",0.6999902,0.1499512,0.7099902,1.02999,1.15999
"6234",0.285,0.634961,0.545,1.015,0.395
"6235",-0.215,0.524961,0.895,0.645,1.375
"6236",-0.3750098,0.5849512,1.60499,0.4549902,1.56499
"6241",0.02,-0.430039,0.03,0.89,-0.35
"6242",0.275,-0.05503899,-0.145,0.685,-0.745
"6247",-0.38,-0.690039,-0.32,0.42,1.16
"6248",-0.895,-1.635039,-0.905,0.015,1.805
"6259",-0.015,-0.03503899,-0.085,0.985,0.065
"6262",1.795019,0.04498051,1.715019,2.985019,0.2350195
"6275",1.240019,0.2499805,1.600019,0.3700195,-0.9999805
"6276",0.855,0.204961,1.335,0.035,-0.775
"6277",-0.86,-1.800039,1.12,-2.14,1.03
"6280",-1.625,-0.705039,-0.015,-0.145,-0.695
"6281",-0.2249902,-0.5550292,-0.5849902,-0.5549902,0.5250098
"6287",-0.065,0.234961,0.295,-1.175,1.195
"6288",-2.18501,-3.405049,-0.6850098,-2.25501,-1.15501
"6291",-0.645,-0.465039,0.525,-0.015,-0.305
"6299",0.325,-0.185039,-1.315,0.745,-0.125
"6300",-1.18,-0.100039,-0.45,-0.23,-0.88
"6302",-0.135,0.924961,0.745,-0.175,-0.235
"6304",-0.945,-0.405039,-0.685,-0.275,0.095
"6312",-0.365,-0.225039,0.205,-0.315,-0.455
"6326",-0.8350098,-1.205049,0.03499023,0.5849902,1.22499
"6327",-0.33,-0.570039,0.08,0.65,0.66
"6331",-0.125,0.464961,0.455,0.015,-0.035
"6336",1.25,1.009961,-0.28,0.86,-0.22
"6337",0.545,1.324961,-0.095,-0.375,0.575
"6341",0.315,1.064961,1.225,1.655,0.625
"6347",1.03,1.109961,-0.12,0.11,0.38
"6348",-0.3799902,0.4799708,-0.8399902,0.8100098,-0.1199902
"6350",0.855,1.794961,0.395,0.395,-0.005
"6351",0.75,1.019961,-0.5,0.37,1.56
"6354",1.235,1.774961,0.465,0.515,1.545
"6356",1.01,1.899961,0.73,0.46,2.31
"6357",1.175,1.414961,0.505,0.195,2.095
"6358",0.8,1.309961,0.47,0.19,1.78
"6359",-0.055,-0.04503899,0.045,0.135,0.475
"6360",0.01,-0.120039,-0.01,0.62,1.38
"6362",0.535,0.834961,-0.205,0.395,0.635
"6367",-0.0525,-0.09253899,-0.5325,-0.7025,0.5275
"6370",0.2550195,0.03498051,-0.3049805,-0.4549805,1.035019
"6371",0.04501949,0.01498051,-0.2149805,0.1050195,1.135019
"6373",0.41,0.509961,-0.02,-0.29,0.83
"6374",0.63,0.439961,-0.14,0.14,1.47
"6376",0.2999902,0.5899512,-0.1400098,0.1399902,1.47999
"6377",0.2925,0.302461,0.3125,-0.2075,1.3625
"6379",0.2099902,0.4399512,0.2199902,0.4199902,1.31999
"6388",0.6949902,0.5849512,0.2649902,0.8449902,0.6549902
"6401",-0.02000977,0.7099512,-0.1900098,-0.3400098,-0.1400098
"6402",0.02001949,0.5499805,-1.039981,-0.2699805,-0.04998051
"6414",3.91,4.119961,-0.33,-0.4,1.08
"6423",1.1775,-0.412539,0.4875,0.3775,0.5175
"6424",-0.1799902,0.3999708,-0.09999023,0.3600098,-0.08999023
"6425",0.61,-0.05003899,-0.16,-0.75,0.23
"6427",1.21,0.609961,-0.42,0.14,0.33
"6432",0.31,-0.150039,6.938894e-18,0.28,0.68
"6437",-0.14,0.929961,0.37,0.1,-0.13
"6439",0.575,0.03496101,0.315,1.265,0.305
"6441",0.075,0.454961,-0.035,0.345,0.425
"6442",0.145,-0.03503899,1.035,1.375,0.335
"6447",0.6375,2.787461,-0.1825,-0.7025,0.8275
"6460",0.705,0.954961,0.015,0.355,1.375
"6465",0.2425195,0.4124805,-0.2974805,-0.8774805,-0.1274805
"6470",-0.225,-0.475039,-0.115,0.055,-0.045
"6475",-0.34,0.189961,0.26,-0.45,-0.35
"6476",-0.61,0.06996101,0.81,-0.39,-0.15
"6479",0.825,-0.585039,-0.075,-0.355,-0.935
"6482",0.505,-0.09503899,0.155,0.055,-0.465
"6489",0.175,0.574961,0.475,0.355,0.735
"6491",-0.15,-0.400039,0.08,0.93,0.18
"6498",0.35,0.399961,0.13,0.59,0.97
"6499",0.495,0.04496101,1.385,0.345,-0.175
"6500",1.01999,0.9299512,0.6199902,1.66999,-0.1600098
"6501",1.215,0.974961,0.455,1.315,-0.395
"6503",-0.52,-0.880039,-0.42,-0.26,0.3
"6504",-0.235,-0.805039,-0.165,0.135,0.795
"6509",0.015,0.574961,0.095,-0.415,0.575
"6513",-0.465,0.434961,-1.555,-0.235,0.195
"6515",-0.7750098,0.2149512,-0.5250098,-0.2050098,0.7549902
"6517",-0.3500098,0.2799512,-0.03000977,-0.5500098,0.5699902
"6518",0.17,-0.400039,-0.1,0.14,0.64
"6523",0.145,0.08496101,-0.205,-0.225,0.245
"6526",0.26,-3.898621e-05,0.52,-1.734723e-18,0.08
"6531",-0.625,-1.075039,-1.315,-0.805,0.595
"6532",-0.7350098,-1.075049,-0.4650098,-1.14501,0.4149902
"6533",-0.52,-0.210039,0.64,-0.07,-0.92
"6543",-0.04,0.309961,-0.35,-0.67,-0.02
"6545",-0.62,0.259961,-0.05,-1.4,-0.73
"6548",0.2625,-0.807539,0.1925,1.4425,-0.2375
"6552",0.115,0.564961,0.425,-0.045,-0.685
"6555",0.06,0.329961,0.16,0.24,-0.2
"6557",-0.235,0.144961,0.255,0.075,-1.015
"6575",0.3575,0.487461,0.0975,1.7075,0.1975
"6577",0.12,0.519961,0.22,1.75,0.46
"6585",-0.275,0.504961,0.585,0.985,1.035
"6597",0.08,-0.290039,-0.02,0.65,-0.31
"6603",0.69,0.349961,-0.08,0.4,-0.45
"6609",0.41,0.439961,0.35,0.17,-0.63
"6617",0.1800098,0.1099708,-0.6999902,0.8600098,-0.6899902
"6626",0.6225195,0.002480507,-0.2874805,-0.03748051,-0.09748051
"6628",1.435,1.404961,-0.155,-1.155,-0.265
"6652",0.155,0.404961,0.465,0.255,0.305
"6655",1.045019,1.124981,0.7550195,-0.4849805,0.4450195
"6661",0.815,-0.425039,0.685,-0.025,0.015
"6662",-0.3775,-0.307539,0.0625,0.9725,0.8425
"6664",0.06,0.669961,1.36,0.6,-1.54
"6670",0.335,0.524961,-0.295,0.285,0.885
"6671",0.5,0.129961,0.35,0.45,0.58
"6677",0.345,0.184961,0.275,-1.475,-0.925
"6678",0.535,-0.165039,0.395,-0.315,-1.065
"6684",0.445,0.604961,0.455,0.235,1.455
"6690",0.43,0.09996101,-0.31,0.53,-0.62
"6691",-0.19,-0.890039,-0.03,0.25,-1.75
"6698",0.06999023,0.6799512,0.4399902,1.19999,-0.4500098
"6700",0.385,0.114961,-0.375,0.205,-1.945
"6703",0.145,-0.105039,0.365,-0.125,0.785
"6707",0.025,0.144961,1.455,0.095,0.265
"6719",-0.28,-1.140039,0.02,-1.38,-1.66
"6733",-1.145,-2.285039,-0.405,0.645,-1.515
"6736",-0.9549805,-2.565019,-0.4549805,1.605019,0.1150195
"6737",-1.015,-2.005039,-0.225,1.365,1.145
"6738",0.1675,-1.162539,-1.3025,0.5175,0.0575
"6742",-1.155,-0.365039,-0.265,-1.295,-0.485
"6746",-0.3399805,0.1399805,1.140019,-0.3999805,-0.2299805
"6747",2.45,1.349961,0.81,1.62,0.64
"6751",0.4275,-0.09253899,-0.5325,0.7775,0.2275
"6753",-0.1000098,-0.2800488,-0.4500098,0.1499902,0.3699902
"6756",0.3550195,0.8849805,-0.3449805,-0.1449805,0.1950195
"6757",0.415,0.684961,-0.455,-0.185,0.005
"6758",0.5899902,0.9899512,-0.2200098,0.04999023,0.8099902
"6759",0.335,0.484961,0.425,0.855,0.165
"6761",0.8225,0.502461,-0.2175,0.2725,0.5125
"6763",-0.3050098,0.05495125,0.3849902,0.1249902,0.8249902
"6765",-0.045,0.534961,-0.115,1.445,0.455
"6766",-0.3099805,0.02998051,-0.02998051,0.9100195,0.4600195
"6768",0.065,0.434961,0.215,1.595,0.575
"6771",0.205,0.424961,0.375,0.695,-0.385
"6772",0.125,0.354961,0.215,0.455,0.025
"6773",0.495,0.484961,0.225,0.895,-0.005
"6778",0.855,-0.325039,0.065,0.715,0.005
"6781",0.195,0.194961,0.115,0.175,0.415
"6782",1.0225,0.452461,0.4025,1.0725,-0.0375
"6785",1.105,-0.09503899,-0.035,0.245,0.545
"6787",1.495,0.284961,0.075,0.295,0.065
"6788",1.525,0.564961,0.305,0.105,-0.235
"6789",0.5299902,0.4099512,-0.2200098,0.9099902,0.2099902
"6790",0.1049902,0.3349512,-0.1050098,1.56499,0.1449902
"6791",0.24,0.799961,0.01,1,0.08
"6793",0.1,0.479961,0.42,1.19,0.76
"6794",0.015,-0.245039,0.145,0.135,-0.095
"6796",-0.2049805,0.01498051,0.06501949,0.03501949,-0.2149805
"6797",0.1850195,-0.07501949,-0.6449805,-1.294981,-1.244981
"6801",-0.095,0.474961,0.565,0.205,0.215
"6805",-0.13,-0.170039,0.06,0.25,-0.23
"6812",0.59,0.02996101,0.68,0.17,-0.23
"6813",0.335,0.154961,0.715,0.025,-0.025
"6824",-0.175,-0.535039,-0.595,-2.095,-0.495
